ticker,tradedate,open,high,low,close,value,volume,boardid
ELFV,2023-03-29 00:00:00,0.5844,0.5844,0.5746,0.578,27123294.2,46962000,TQBR
ELFV,2023-03-30 00:00:00,0.5818,0.5818,0.5644,0.5786,24588504.0,42819000,TQBR
ELFV,2023-03-31 00:00:00,0.5758,0.5802,0.568,0.5728,22954267.2,40085000,TQBR
ELFV,2023-04-03 00:00:00,0.5728,0.575,0.5702,0.573,12413827.0,21679000,TQBR
ELFV,2023-04-04 00:00:00,0.5728,0.585,0.572,0.5736,23370760.0,40381000,TQBR
ELFV,2023-04-05 00:00:00,0.5738,0.6172,0.5696,0.5944,114782404.4,193028000,TQBR
ELFV,2023-04-06 00:00:00,0.5948,0.615,0.594,0.614,90450120.4,149024000,TQBR
ELFV,2023-04-07 00:00:00,0.616,0.6298,0.5984,0.6094,153765039.6,250618000,TQBR
ELFV,2023-04-10 00:00:00,0.6124,0.657,0.6068,0.634,326983107.0,512094000,TQBR
ELFV,2023-04-11 00:00:00,0.634,0.6528,0.6,0.6066,89433134.0,143729000,TQBR
ELFV,2023-04-12 00:00:00,0.6066,0.615,0.6002,0.6096,38147101.2,62651000,TQBR
ELFV,2023-04-13 00:00:00,0.614,0.6388,0.58,0.5814,373599707.2,619246000,TQBR
ELFV,2023-04-14 00:00:00,0.5808,0.5948,0.565,0.577,303547740.8,526166000,TQBR
ELFV,2023-04-17 00:00:00,0.5798,0.5858,0.577,0.5846,50246790.0,86356000,TQBR
ELFV,2023-04-18 00:00:00,0.5846,0.6128,0.5846,0.6002,193122995.0,322368000,TQBR
ELFV,2023-04-19 00:00:00,0.606,0.6062,0.5924,0.5948,45237068.0,75852000,TQBR
ELFV,2023-04-20 00:00:00,0.5926,0.602,0.583,0.5922,36581961.2,61928000,TQBR
ELFV,2023-04-21 00:00:00,0.5968,0.6058,0.59,0.5924,33131111.0,55519000,TQBR
ELFV,2023-04-24 00:00:00,0.592,0.6028,0.5872,0.6022,42198758.6,70426000,TQBR
ELFV,2023-04-25 00:00:00,0.602,0.6044,0.5954,0.5976,16682451.4,27812000,TQBR
ELFV,2023-04-26 00:00:00,0.6,0.61,0.5952,0.6064,37611973.6,62282000,TQBR
ELFV,2023-04-27 00:00:00,0.6094,0.6094,0.5944,0.5972,39050760.0,65024000,TQBR
ELFV,2023-04-28 00:00:00,0.5974,0.599,0.59,0.5902,13870809.8,23348000,TQBR
ELFV,2023-05-02 00:00:00,0.5916,0.5916,0.55,0.565,55875216.6,98017000,TQBR
ELFV,2023-05-03 00:00:00,0.5696,0.5698,0.54,0.5604,40426708.2,72469000,TQBR
ELFV,2023-05-04 00:00:00,0.5588,0.5626,0.548,0.5482,18759319.4,33724000,TQBR
ELFV,2023-05-05 00:00:00,0.5496,0.568,0.5474,0.558,59247195.8,105914000,TQBR
ELFV,2023-05-08 00:00:00,0.5556,0.5598,0.5528,0.5546,7289316.6,13116000,TQBR
ELFV,2023-05-10 00:00:00,0.5528,0.568,0.5446,0.568,18888088.6,33694000,TQBR
ELFV,2023-05-11 00:00:00,0.568,0.59,0.568,0.5818,29676756.4,51007000,TQBR
ELFV,2023-05-12 00:00:00,0.582,0.5824,0.5612,0.5654,26125908.6,45855000,TQBR
ELFV,2023-05-15 00:00:00,0.568,0.578,0.568,0.575,19551351.6,34106000,TQBR
ELFV,2023-05-16 00:00:00,0.5768,0.5898,0.5764,0.583,51675290.8,88548000,TQBR
ELFV,2023-05-17 00:00:00,0.584,0.59,0.5832,0.5834,20645430.4,35239000,TQBR
ELFV,2023-05-18 00:00:00,0.583,0.5862,0.565,0.5702,38880258.8,67872000,TQBR
ELFV,2023-05-19 00:00:00,0.57,0.5728,0.562,0.562,18153188.6,31954000,TQBR
ELFV,2023-05-22 00:00:00,0.564,0.5782,0.5632,0.569,19275861.4,33728000,TQBR
ELFV,2023-05-23 00:00:00,0.569,0.5712,0.564,0.5692,6921651.8,12188000,TQBR
ELFV,2023-05-24 00:00:00,0.57,0.5754,0.5682,0.5712,11735818.8,20545000,TQBR
ELFV,2023-05-25 00:00:00,0.5712,0.572,0.5662,0.569,7283750.6,12802000,TQBR
ELFV,2023-05-26 00:00:00,0.5636,0.57,0.5614,0.563,15375985.8,27194000,TQBR
ELFV,2023-05-29 00:00:00,0.5648,0.5688,0.555,0.557,30337656.6,54083000,TQBR
ELFV,2023-05-30 00:00:00,0.557,0.5606,0.55,0.5562,24139033.0,43428000,TQBR
ELFV,2023-05-31 00:00:00,0.55,0.5598,0.55,0.5558,10148736.2,18266000,TQBR
ELFV,2023-06-01 00:00:00,0.557,0.557,0.5506,0.555,10386314.2,18740000,TQBR
ELFV,2023-06-02 00:00:00,0.5512,0.5614,0.5512,0.5602,12395273.6,22213000,TQBR
ELFV,2023-06-05 00:00:00,0.5604,0.5822,0.5574,0.5718,71125510.0,124462000,TQBR
ELFV,2023-06-06 00:00:00,0.571,0.571,0.555,0.563,18637967.6,33090000,TQBR
ELFV,2023-06-07 00:00:00,0.5648,0.5658,0.553,0.5586,15447883.8,27583000,TQBR
ELFV,2023-06-08 00:00:00,0.5616,0.5794,0.5584,0.5678,31126471.0,54569000,TQBR
ELFV,2023-06-09 00:00:00,0.5684,0.57,0.5662,0.5664,9599408.0,16903000,TQBR
ELFV,2023-06-13 00:00:00,0.565,0.5734,0.565,0.573,15071572.2,26399000,TQBR
ELFV,2023-06-14 00:00:00,0.573,0.576,0.571,0.573,12585665.6,21939000,TQBR
ELFV,2023-06-15 00:00:00,0.5752,0.5752,0.566,0.571,11146042.4,19542000,TQBR
ELFV,2023-06-16 00:00:00,0.5728,0.5798,0.5688,0.5748,26644827.0,46273000,TQBR
ELFV,2023-06-19 00:00:00,0.575,0.579,0.5712,0.5748,14548764.2,25299000,TQBR
ELFV,2023-06-20 00:00:00,0.5758,0.598,0.5692,0.5752,163479408.2,279967000,TQBR
ELFV,2023-06-21 00:00:00,0.5796,0.6,0.5724,0.591,145941890.6,246305000,TQBR
ELFV,2023-06-22 00:00:00,0.598,0.602,0.5882,0.594,49503954.2,83069000,TQBR
ELFV,2023-06-23 00:00:00,0.585,0.5924,0.5694,0.5782,36405199.2,62606000,TQBR
ELFV,2023-06-26 00:00:00,0.5782,0.5896,0.56,0.5714,47592651.8,83358000,TQBR
ELFV,2023-06-27 00:00:00,0.5718,0.5758,0.567,0.575,16199407.8,28339000,TQBR
ELFV,2023-06-28 00:00:00,0.572,0.5834,0.572,0.5736,15814359.0,27418000,TQBR
ELFV,2023-06-29 00:00:00,0.5764,0.5798,0.5698,0.5724,16482994.6,28723000,TQBR
ELFV,2023-06-30 00:00:00,0.5718,0.573,0.563,0.5666,16295827.4,28718000,TQBR
ELFV,2023-07-03 00:00:00,0.5682,0.5732,0.562,0.5678,20466048.4,35945000,TQBR
ELFV,2023-07-04 00:00:00,0.569,0.5738,0.561,0.565,28309731.4,49862000,TQBR
ELFV,2023-07-05 00:00:00,0.567,0.589,0.5654,0.576,71309580.8,123081000,TQBR
ELFV,2023-07-06 00:00:00,0.5788,0.584,0.5686,0.5712,17847004.6,31022000,TQBR
ELFV,2023-07-07 00:00:00,0.5712,0.575,0.567,0.574,12850481.6,22506000,TQBR
ELFV,2023-07-10 00:00:00,0.5752,0.5876,0.573,0.5824,37964351.4,65411000,TQBR
ELFV,2023-07-11 00:00:00,0.586,0.5898,0.5776,0.5814,20729206.8,35688000,TQBR
ELFV,2023-07-12 00:00:00,0.5802,0.586,0.579,0.582,23770273.4,40849000,TQBR
ELFV,2023-07-13 00:00:00,0.5828,0.584,0.5732,0.5774,19966413.2,34527000,TQBR
ELFV,2023-07-14 00:00:00,0.58,0.5818,0.5752,0.5788,11172047.6,19307000,TQBR
ELFV,2023-07-17 00:00:00,0.5752,0.5992,0.5752,0.59,128478114.8,217052000,TQBR
ELFV,2023-07-18 00:00:00,0.5906,0.5978,0.5842,0.589,91053913.2,154043000,TQBR
ELFV,2023-07-19 00:00:00,0.59,0.5958,0.5854,0.591,83334964.8,140725000,TQBR
ELFV,2023-07-20 00:00:00,0.5938,0.594,0.575,0.578,62043653.2,106159000,TQBR
ELFV,2023-07-21 00:00:00,0.5774,0.581,0.575,0.579,37299571.2,64507000,TQBR
ELFV,2023-07-24 00:00:00,0.58,0.5932,0.5776,0.588,135722825.0,230876000,TQBR
ELFV,2023-07-25 00:00:00,0.5898,0.598,0.5824,0.5882,208541168.4,352903000,TQBR
ELFV,2023-07-26 00:00:00,0.59,0.593,0.5786,0.585,84007010.8,143599000,TQBR
ELFV,2023-07-27 00:00:00,0.5886,0.5954,0.5854,0.588,152805588.4,258866000,TQBR
ELFV,2023-07-28 00:00:00,0.586,0.61,0.583,0.605,230149324.2,385349000,TQBR
ELFV,2023-07-31 00:00:00,0.6188,0.649,0.6084,0.6336,531417550.6,841933000,TQBR
ELFV,2023-08-01 00:00:00,0.638,0.643,0.6204,0.625,138337509.0,219379000,TQBR
ELFV,2023-08-02 00:00:00,0.625,0.6272,0.61,0.6206,94284625.4,152186000,TQBR
ELFV,2023-08-03 00:00:00,0.6214,0.645,0.6172,0.634,132046705.8,208959000,TQBR
ELFV,2023-08-04 00:00:00,0.639,0.6848,0.6236,0.634,640870334.8,971759000,TQBR
ELFV,2023-08-07 00:00:00,0.64,0.6796,0.634,0.6686,411169685.6,621690000,TQBR
ELFV,2023-08-08 00:00:00,0.6744,0.739,0.65,0.7056,1569799291.0,2216190000,TQBR
ELFV,2023-08-09 00:00:00,0.6956,0.714,0.675,0.7,232174940.6,330945000,TQBR
ELFV,2023-08-10 00:00:00,0.705,0.7206,0.6688,0.689,215756603.8,314792000,TQBR
ELFV,2023-08-11 00:00:00,0.689,0.6998,0.6842,0.694,118187469.2,171292000,TQBR
ELFV,2023-08-14 00:00:00,0.6946,0.709,0.6654,0.668,194132593.0,280097000,TQBR
ELFV,2023-08-15 00:00:00,0.66,0.7094,0.633,0.67,231967769.4,346806000,TQBR
ELFV,2023-08-16 00:00:00,0.6726,0.6744,0.6262,0.6362,187994371.2,290987000,TQBR
ELFV,2023-08-17 00:00:00,0.6448,0.667,0.6412,0.6598,171771034.4,262859000,TQBR
ELFV,2023-08-18 00:00:00,0.643,0.6642,0.643,0.6604,70772796.0,107825000,TQBR
ELFV,2023-08-21 00:00:00,0.6698,0.6866,0.6636,0.6718,144970195.4,214911000,TQBR
ELFV,2023-08-22 00:00:00,0.6778,0.7,0.6714,0.6976,179147161.2,261486000,TQBR
ELFV,2023-08-23 00:00:00,0.69,0.7,0.6704,0.6802,154940672.4,226652000,TQBR
ELFV,2023-08-24 00:00:00,0.6788,0.683,0.6702,0.6736,65146320.0,96354000,TQBR
ELFV,2023-08-25 00:00:00,0.674,0.7018,0.673,0.695,276494040.2,399195000,TQBR
ELFV,2023-08-28 00:00:00,0.7042,0.717,0.696,0.7118,256298884.6,362419000,TQBR
ELFV,2023-08-29 00:00:00,0.7198,0.755,0.709,0.7458,783011109.2,1061433000,TQBR
ELFV,2023-08-30 00:00:00,0.755,0.7746,0.735,0.7458,364718465.0,482560000,TQBR
ELFV,2023-08-31 00:00:00,0.7514,0.773,0.7324,0.756,310263949.6,408885000,TQBR
ELFV,2023-09-01 00:00:00,0.7558,0.79,0.75,0.782,565571539.0,730509000,TQBR
ELFV,2023-09-04 00:00:00,0.7856,0.845,0.784,0.8306,990044947.2,1205079000,TQBR
ELFV,2023-09-05 00:00:00,0.84,0.865,0.8252,0.848,630632926.2,741979000,TQBR
ELFV,2023-09-06 00:00:00,0.8492,0.8498,0.8124,0.822,261569895.4,315351000,TQBR
ELFV,2023-09-07 00:00:00,0.826,0.8278,0.745,0.775,674844534.4,856789000,TQBR
ELFV,2023-09-08 00:00:00,0.785,0.85,0.732,0.8148,1835699737.2,2276003000,TQBR
ELFV,2023-09-11 00:00:00,0.829,0.848,0.8002,0.8084,617801971.4,748387000,TQBR
ELFV,2023-09-12 00:00:00,0.8248,0.832,0.8088,0.8246,274450498.2,333899000,TQBR
ELFV,2023-09-13 00:00:00,0.8342,0.8442,0.7946,0.8188,540597863.4,656754000,TQBR
ELFV,2023-09-14 00:00:00,0.8188,0.8188,0.636,0.7524,1232295013.4,1669136000,TQBR
ELFV,2023-09-15 00:00:00,0.7536,0.7896,0.728,0.771,494060908.4,647013000,TQBR
ELFV,2023-09-18 00:00:00,0.7882,0.7882,0.7376,0.7486,317674547.6,416183000,TQBR
ELFV,2023-09-19 00:00:00,0.759,0.759,0.7,0.7142,493068564.4,685739000,TQBR
ELFV,2023-09-20 00:00:00,0.713,0.713,0.6648,0.687,659725667.8,962319000,TQBR
ELFV,2023-09-21 00:00:00,0.68,0.7072,0.6728,0.695,339730084.0,491220000,TQBR
ELFV,2023-09-22 00:00:00,0.6954,0.7298,0.6814,0.725,280225609.2,396297000,TQBR
ELFV,2023-09-25 00:00:00,0.726,0.7468,0.7132,0.7352,264580397.0,361124000,TQBR
ELFV,2023-09-26 00:00:00,0.7352,0.7374,0.7126,0.7202,180833123.6,250380000,TQBR
ELFV,2023-09-27 00:00:00,0.7272,0.748,0.7234,0.741,210079649.0,284745000,TQBR
ELFV,2023-09-28 00:00:00,0.749,0.7534,0.7342,0.741,133465880.2,179288000,TQBR
ELFV,2023-09-29 00:00:00,0.7452,0.7452,0.714,0.7164,111448193.2,152342000,TQBR
ELFV,2023-10-02 00:00:00,0.72,0.732,0.7162,0.717,100222246.6,138482000,TQBR
ELFV,2023-10-03 00:00:00,0.7176,0.7198,0.6988,0.704,96071134.8,136168000,TQBR
ELFV,2023-10-04 00:00:00,0.707,0.7132,0.6956,0.7018,56887926.6,80809000,TQBR
ELFV,2023-10-05 00:00:00,0.7064,0.7064,0.6954,0.7,43865514.6,62725000,TQBR
ELFV,2023-10-06 00:00:00,0.7,0.7036,0.6898,0.6974,43638425.0,62767000,TQBR
ELFV,2023-10-09 00:00:00,0.707,0.7168,0.701,0.7048,103934087.4,146289000,TQBR
ELFV,2023-10-10 00:00:00,0.708,0.7272,0.7002,0.7246,60928375.4,85252000,TQBR
ELFV,2023-10-11 00:00:00,0.738,0.7498,0.727,0.7312,141415151.2,191844000,TQBR
ELFV,2023-10-12 00:00:00,0.715,0.7268,0.7086,0.7156,88053117.2,122698000,TQBR
ELFV,2023-10-13 00:00:00,0.7162,0.724,0.713,0.716,50272453.4,70036000,TQBR
ELFV,2023-10-16 00:00:00,0.72,0.7436,0.713,0.7376,163219099.2,222565000,TQBR
ELFV,2023-10-17 00:00:00,0.7374,0.7482,0.728,0.7314,72709093.8,98369000,TQBR
ELFV,2023-10-18 00:00:00,0.7354,0.7382,0.7166,0.7302,47032734.8,64284000,TQBR
ELFV,2023-10-19 00:00:00,0.7302,0.75,0.7266,0.7438,104358590.8,140975000,TQBR
ELFV,2023-10-20 00:00:00,0.7462,0.7622,0.7384,0.741,142871663.0,190127000,TQBR
ELFV,2023-10-23 00:00:00,0.7476,0.7684,0.7476,0.7644,196362938.4,258904000,TQBR
ELFV,2023-10-24 00:00:00,0.766,0.769,0.7546,0.7566,93356637.0,122513000,TQBR
ELFV,2023-10-25 00:00:00,0.761,0.761,0.7464,0.756,61967213.2,82057000,TQBR
ELFV,2023-10-26 00:00:00,0.756,0.79,0.7514,0.784,548590549.0,707622000,TQBR
ELFV,2023-10-27 00:00:00,0.7874,0.7956,0.7678,0.7828,223605527.2,286492000,TQBR
ELFV,2023-10-30 00:00:00,0.7824,0.8046,0.7754,0.785,205148027.0,259214000,TQBR
ELFV,2023-10-31 00:00:00,0.796,0.796,0.765,0.7738,139508993.8,180193000,TQBR
ELFV,2023-11-01 00:00:00,0.777,0.7946,0.7706,0.7878,87491523.6,111907000,TQBR
ELFV,2023-11-02 00:00:00,0.795,0.8076,0.7758,0.7834,259804119.0,326797000,TQBR
ELFV,2023-11-03 00:00:00,0.7858,0.7888,0.7606,0.7702,126221464.2,162937000,TQBR
ELFV,2023-11-06 00:00:00,0.7708,0.774,0.765,0.7716,48720711.8,63308000,TQBR
ELFV,2023-11-07 00:00:00,0.7728,0.7746,0.768,0.7696,43325529.8,56230000,TQBR
ELFV,2023-11-08 00:00:00,0.7724,0.7724,0.756,0.757,70691388.6,92725000,TQBR
ELFV,2023-11-09 00:00:00,0.758,0.758,0.7346,0.7518,129356526.6,173867000,TQBR
ELFV,2023-11-10 00:00:00,0.7518,0.7522,0.74,0.74,33888357.4,45603000,TQBR
ELFV,2023-11-13 00:00:00,0.735,0.7424,0.7078,0.72,118482336.4,163939000,TQBR
ELFV,2023-11-14 00:00:00,0.72,0.7224,0.6604,0.6774,212540768.0,311632000,TQBR
ELFV,2023-11-15 00:00:00,0.68,0.7078,0.6654,0.7,145101208.2,210934000,TQBR
ELFV,2023-11-16 00:00:00,0.7,0.7248,0.7,0.7096,113349656.6,158366000,TQBR
ELFV,2023-11-17 00:00:00,0.705,0.7196,0.6914,0.705,113843312.6,161395000,TQBR
ELFV,2023-11-20 00:00:00,0.7046,0.7166,0.694,0.7004,44457896.8,63120000,TQBR
ELFV,2023-11-21 00:00:00,0.7006,0.705,0.6828,0.6904,84246154.4,121910000,TQBR
ELFV,2023-11-22 00:00:00,0.6904,0.6992,0.6844,0.6896,65402844.4,94475000,TQBR
ELFV,2023-11-23 00:00:00,0.6896,0.694,0.673,0.675,49252910.2,72252000,TQBR
ELFV,2023-11-24 00:00:00,0.679,0.6798,0.662,0.6668,50435169.0,75514000,TQBR
ELFV,2023-11-27 00:00:00,0.67,0.671,0.6392,0.6396,93743923.0,144282000,TQBR
ELFV,2023-11-28 00:00:00,0.64,0.6652,0.6288,0.6628,126633727.0,195385000,TQBR
ELFV,2023-11-29 00:00:00,0.6608,0.677,0.653,0.653,63511780.0,95485000,TQBR
ELFV,2023-11-30 00:00:00,0.6528,0.6626,0.6332,0.6484,54891001.6,84757000,TQBR
ELFV,2023-12-01 00:00:00,0.6482,0.652,0.632,0.6326,48386471.8,75853000,TQBR
ELFV,2023-12-04 00:00:00,0.675,0.7096,0.6484,0.6764,1281152435.6,1875119000,TQBR
ELFV,2023-12-05 00:00:00,0.677,0.699,0.6532,0.6592,431196263.8,642955000,TQBR
ELFV,2023-12-06 00:00:00,0.6636,0.6678,0.6248,0.6248,164381420.8,254784000,TQBR
ELFV,2023-12-07 00:00:00,0.6246,0.6376,0.584,0.605,613672316.8,1017597000,TQBR
ELFV,2023-12-08 00:00:00,0.61,0.619,0.5922,0.5932,159319043.6,263315000,TQBR
ELFV,2023-12-11 00:00:00,0.5938,0.609,0.5704,0.602,330456374.6,567622000,TQBR
ELFV,2023-12-12 00:00:00,0.6022,0.6182,0.586,0.5904,137752806.0,230770000,TQBR
ELFV,2023-12-13 00:00:00,0.5916,0.6018,0.5826,0.5978,92112180.8,155230000,TQBR
ELFV,2023-12-14 00:00:00,0.6002,0.622,0.589,0.5904,74603717.0,124224000,TQBR
ELFV,2023-12-15 00:00:00,0.5904,0.617,0.585,0.6122,102893974.6,169895000,TQBR
ELFV,2023-12-18 00:00:00,0.6176,0.6568,0.612,0.6514,175001375.8,275575000,TQBR
ELFV,2023-12-19 00:00:00,0.6598,0.6698,0.64,0.6532,180531536.8,275293000,TQBR
ELFV,2023-12-20 00:00:00,0.6546,0.6682,0.6526,0.6602,77022826.4,116591000,TQBR
ELFV,2023-12-21 00:00:00,0.66,0.66,0.6318,0.6406,107793800.2,167004000,TQBR
ELFV,2023-12-22 00:00:00,0.6396,0.6502,0.6346,0.639,69823028.0,108520000,TQBR
ELFV,2023-12-25 00:00:00,0.6406,0.646,0.6212,0.6224,71818024.2,113358000,TQBR
ELFV,2023-12-26 00:00:00,0.6268,0.675,0.6182,0.6642,222831742.8,340368000,TQBR
ELFV,2023-12-27 00:00:00,0.6642,0.6964,0.652,0.6864,609483543.2,901635000,TQBR
ELFV,2023-12-28 00:00:00,0.6914,0.6914,0.6612,0.664,150943069.8,223690000,TQBR
ELFV,2023-12-29 00:00:00,0.662,0.6874,0.65,0.6656,222714447.2,332146000,TQBR
ELFV,2024-01-03 00:00:00,0.6754,0.7,0.6688,0.6916,168858228.6,245902000,TQBR
ELFV,2024-01-04 00:00:00,0.6804,0.713,0.6804,0.703,241134532.6,342603000,TQBR
ELFV,2024-01-05 00:00:00,0.7026,0.713,0.6924,0.7016,167199403.6,237301000,TQBR
ELFV,2024-01-08 00:00:00,0.7114,0.7116,0.6868,0.69,130342210.8,186860000,TQBR
ELFV,2024-01-09 00:00:00,0.6918,0.704,0.6756,0.685,161196974.2,233177000,TQBR
ELFV,2024-01-10 00:00:00,0.6872,0.73,0.6826,0.71,566762859.4,794791000,TQBR
ELFV,2024-01-11 00:00:00,0.7146,0.7244,0.6968,0.713,198060633.0,277645000,TQBR
ELFV,2024-01-12 00:00:00,0.713,0.7238,0.705,0.7076,127679793.0,179061000,TQBR
ELFV,2024-01-15 00:00:00,0.7136,0.7238,0.706,0.7166,135931100.4,189389000,TQBR
ELFV,2024-01-16 00:00:00,0.7168,0.7196,0.7058,0.7078,84150624.8,118094000,TQBR
ELFV,2024-01-17 00:00:00,0.709,0.7146,0.6972,0.7038,130094253.8,184531000,TQBR
ELFV,2024-01-18 00:00:00,0.704,0.733,0.7004,0.7296,370603116.2,513624000,TQBR
ELFV,2024-01-19 00:00:00,0.729,0.744,0.7166,0.7254,548589115.0,749564000,TQBR
ELFV,2024-01-22 00:00:00,0.7276,0.7364,0.7174,0.7274,162891758.0,223237000,TQBR
ELFV,2024-01-23 00:00:00,0.728,0.7302,0.715,0.7158,100781615.4,139612000,TQBR
ELFV,2024-01-24 00:00:00,0.7196,0.7296,0.7058,0.723,195772666.4,272104000,TQBR
ELFV,2024-01-25 00:00:00,0.723,0.7278,0.71,0.721,123662398.4,171692000,TQBR
ELFV,2024-01-26 00:00:00,0.719,0.7482,0.7144,0.72,634078733.6,861925000,TQBR
ELFV,2024-01-29 00:00:00,0.728,0.7344,0.719,0.7288,162157452.8,222659000,TQBR
ELFV,2024-01-30 00:00:00,0.731,0.736,0.723,0.7234,100325909.6,137553000,TQBR
ELFV,2024-01-31 00:00:00,0.724,0.7294,0.7232,0.7246,49661240.2,68386000,TQBR
ELFV,2024-02-01 00:00:00,0.7256,0.728,0.7076,0.7096,101722123.6,141975000,TQBR
ELFV,2024-02-02 00:00:00,0.7132,0.72,0.6872,0.6872,117322311.8,165921000,TQBR
ELFV,2024-02-05 00:00:00,0.6916,0.7262,0.6906,0.7228,510528715.8,711100000,TQBR
ELFV,2024-02-06 00:00:00,0.725,0.725,0.7134,0.7148,77543598.8,107944000,TQBR
ELFV,2024-02-07 00:00:00,0.717,0.7276,0.7092,0.7142,169043551.4,234764000,TQBR
ELFV,2024-02-08 00:00:00,0.7166,0.7166,0.7004,0.7018,92886359.0,131228000,TQBR
ELFV,2024-02-09 00:00:00,0.7002,0.7048,0.694,0.6988,52196427.6,74651000,TQBR
ELFV,2024-02-12 00:00:00,0.7038,0.7038,0.6882,0.6912,76038257.2,109324000,TQBR
ELFV,2024-02-13 00:00:00,0.692,0.705,0.6866,0.6936,81656533.0,117170000,TQBR
ELFV,2024-02-14 00:00:00,0.6936,0.7136,0.6936,0.71,105113284.2,148875000,TQBR
ELFV,2024-02-15 00:00:00,0.7126,0.7126,0.6984,0.7,78421492.4,111403000,TQBR
ELFV,2024-02-16 00:00:00,0.7,0.7048,0.6836,0.687,110497404.8,159746000,TQBR
ELFV,2024-02-19 00:00:00,0.683,0.6902,0.672,0.674,114307672.8,168373000,TQBR
ELFV,2024-02-20 00:00:00,0.672,0.6734,0.6588,0.659,116936993.0,175742000,TQBR
ELFV,2024-02-21 00:00:00,0.655,0.6582,0.621,0.63,257465775.0,405064000,TQBR
ELFV,2024-02-22 00:00:00,0.639,0.655,0.6314,0.6428,130129088.6,202025000,TQBR
ELFV,2024-02-26 00:00:00,0.6482,0.6586,0.6456,0.6524,61456772.8,93908000,TQBR
ELFV,2024-02-27 00:00:00,0.6588,0.679,0.654,0.6712,163722677.6,244543000,TQBR
ELFV,2024-02-28 00:00:00,0.673,0.6902,0.6712,0.6744,124540784.0,182869000,TQBR
ELFV,2024-02-29 00:00:00,0.678,0.678,0.661,0.6702,76035529.6,113449000,TQBR
ELFV,2024-03-01 00:00:00,0.675,0.675,0.6602,0.663,53685201.6,80750000,TQBR
ELFV,2024-03-04 00:00:00,0.668,0.6714,0.665,0.668,48028405.8,71827000,TQBR
ELFV,2024-03-05 00:00:00,0.668,0.67,0.6608,0.6636,26893926.2,40382000,TQBR
ELFV,2024-03-06 00:00:00,0.6636,0.6748,0.6532,0.6574,104426011.0,157150000,TQBR
ELFV,2024-03-07 00:00:00,0.661,0.6622,0.6552,0.6582,27074891.6,41131000,TQBR
ELFV,2024-03-11 00:00:00,0.659,0.6664,0.6566,0.6574,42006873.2,63475000,TQBR
ELFV,2024-03-12 00:00:00,0.6588,0.6588,0.6504,0.654,41043902.4,62722000,TQBR
ELFV,2024-03-13 00:00:00,0.6514,0.6614,0.6504,0.6504,36866071.0,56181000,TQBR
ELFV,2024-03-14 00:00:00,0.654,0.6584,0.6428,0.6474,61231125.4,94285000,TQBR
ELFV,2024-03-15 00:00:00,0.6474,0.6524,0.6316,0.6334,123447352.6,193239000,TQBR
ELFV,2024-03-18 00:00:00,0.636,0.6392,0.6214,0.6338,165558698.4,263071000,TQBR
ELFV,2024-03-19 00:00:00,0.635,0.649,0.6292,0.6322,161828843.0,252294000,TQBR
ELFV,2024-03-20 00:00:00,0.6382,0.6392,0.6266,0.6334,49247004.8,77824000,TQBR
ELFV,2024-03-21 00:00:00,0.6314,0.6466,0.6306,0.6418,63642556.6,99557000,TQBR
ELFV,2024-03-22 00:00:00,0.6418,0.6436,0.6102,0.6188,126479778.2,202755000,TQBR
ELFV,2024-03-25 00:00:00,0.623,0.6818,0.6206,0.6812,705325381.6,1072017000,TQBR
ELFV,2024-03-26 00:00:00,0.685,0.6866,0.654,0.6674,581207061.8,872325000,TQBR
ELFV,2024-03-27 00:00:00,0.668,0.6842,0.6588,0.67,384215723.2,570838000,TQBR
ELFV,2024-03-28 00:00:00,0.671,0.671,0.66,0.6636,106072939.8,159798000,TQBR
ELFV,2024-03-29 00:00:00,0.6654,0.6654,0.6404,0.6456,234096172.4,360260000,TQBR
ELFV,2024-04-01 00:00:00,0.6554,0.68,0.653,0.6728,324910267.0,490063000,TQBR
ELFV,2024-04-02 00:00:00,0.6748,0.68,0.635,0.6402,820661159.0,1263687000,TQBR
ELFV,2024-04-03 00:00:00,0.643,0.6432,0.6314,0.6396,142852547.6,224029000,TQBR
ELFV,2024-04-04 00:00:00,0.6414,0.6436,0.6344,0.6374,92262186.4,144454000,TQBR
ELFV,2024-04-05 00:00:00,0.6372,0.642,0.6326,0.635,72522095.8,114073000,TQBR
ELFV,2024-04-08 00:00:00,0.6352,0.64,0.6302,0.6328,73870597.6,116320000,TQBR
ELFV,2024-04-09 00:00:00,0.6332,0.6382,0.6212,0.6308,83147820.6,131502000,TQBR
ELFV,2024-04-10 00:00:00,0.6312,0.6354,0.6234,0.6334,107835991.4,171071000,TQBR
ELFV,2024-04-11 00:00:00,0.634,0.653,0.6298,0.6354,353961900.8,552002000,TQBR
ELFV,2024-04-12 00:00:00,0.64,0.6498,0.6304,0.6362,167250088.6,261484000,TQBR
ELFV,2024-04-15 00:00:00,0.6362,0.6408,0.633,0.6374,66282655.2,104319000,TQBR
ELFV,2024-04-16 00:00:00,0.6388,0.6624,0.6354,0.6386,286398143.4,444111000,TQBR
ELFV,2024-04-17 00:00:00,0.6386,0.6402,0.6304,0.6334,68482324.6,107801000,TQBR
ELFV,2024-04-18 00:00:00,0.6334,0.641,0.632,0.6348,42134899.6,66346000,TQBR
ELFV,2024-04-19 00:00:00,0.6368,0.64,0.6234,0.6296,98933832.8,156569000,TQBR
ELFV,2024-04-22 00:00:00,0.6288,0.6376,0.6288,0.6332,63488695.0,100208000,TQBR
ELFV,2024-04-23 00:00:00,0.6344,0.6356,0.6264,0.6288,53532239.8,85004000,TQBR
ELFV,2024-04-24 00:00:00,0.629,0.63,0.62,0.6252,86026233.6,137605000,TQBR
ELFV,2024-04-25 00:00:00,0.6244,0.64,0.6244,0.6308,190365133.8,301483000,TQBR
ELFV,2024-04-26 00:00:00,0.6308,0.633,0.6226,0.625,66956943.2,106677000,TQBR
ELFV,2024-04-27 00:00:00,0.625,0.6294,0.618,0.6212,92418934.0,147566000,TQBR
ELFV,2024-04-29 00:00:00,0.6278,0.6346,0.6236,0.6324,96869419.0,153834000,TQBR
ELFV,2024-04-30 00:00:00,0.632,0.64,0.6302,0.631,123105094.8,193875000,TQBR
ELFV,2024-05-02 00:00:00,0.6344,0.652,0.6296,0.634,305871608.2,478396000,TQBR
ELFV,2024-05-03 00:00:00,0.6388,0.6414,0.6308,0.6328,186583818.8,292973000,TQBR
ELFV,2024-05-06 00:00:00,0.6398,0.6398,0.6304,0.6308,119449756.8,188186000,TQBR
ELFV,2024-05-07 00:00:00,0.6324,0.6336,0.6274,0.6302,33138537.0,52599000,TQBR
ELFV,2024-05-08 00:00:00,0.6308,0.6332,0.6266,0.6304,42310305.8,67174000,TQBR
ELFV,2024-05-10 00:00:00,0.63,0.6314,0.6266,0.6286,16258843.6,25848000,TQBR
ELFV,2024-05-13 00:00:00,0.6286,0.6334,0.6262,0.6286,36166437.6,57481000,TQBR
ELFV,2024-05-14 00:00:00,0.626,0.6328,0.6234,0.628,71256428.8,113370000,TQBR
ELFV,2024-05-15 00:00:00,0.6286,0.6302,0.622,0.6244,37264967.8,59606000,TQBR
ELFV,2024-05-16 00:00:00,0.6298,0.635,0.6228,0.6282,80790465.2,128448000,TQBR
ELFV,2024-05-17 00:00:00,0.6292,0.6302,0.6174,0.6214,70500888.6,113179000,TQBR
ELFV,2024-05-20 00:00:00,0.6214,0.6272,0.598,0.6022,127041728.4,207156000,TQBR
ELFV,2024-05-21 00:00:00,0.6056,0.619,0.5988,0.604,113087068.2,186224000,TQBR
ELFV,2024-05-22 00:00:00,0.6054,0.6186,0.6054,0.6086,61851487.4,100924000,TQBR
ELFV,2024-05-23 00:00:00,0.6108,0.613,0.6064,0.6116,27735366.0,45531000,TQBR
ELFV,2024-05-24 00:00:00,0.6094,0.6132,0.592,0.5938,64211073.4,106771000,TQBR
ELFV,2024-05-27 00:00:00,0.595,0.6014,0.582,0.5846,64851749.4,110192000,TQBR
ELFV,2024-05-28 00:00:00,0.585,0.5966,0.5822,0.588,42629442.6,72229000,TQBR
ELFV,2024-05-29 00:00:00,0.583,0.5968,0.5748,0.584,62374348.2,107259000,TQBR
ELFV,2024-05-30 00:00:00,0.584,0.5878,0.5544,0.561,75094507.6,130977000,TQBR
ELFV,2024-05-31 00:00:00,0.569,0.5696,0.5466,0.5598,84499463.2,151703000,TQBR
ELFV,2024-06-03 00:00:00,0.5606,0.573,0.5544,0.5636,58804671.0,104931000,TQBR
ELFV,2024-06-04 00:00:00,0.562,0.591,0.562,0.591,53045968.2,91856000,TQBR
ELFV,2024-06-05 00:00:00,0.591,0.594,0.581,0.581,57698730.4,98099000,TQBR
ELFV,2024-06-06 00:00:00,0.585,0.589,0.5724,0.5772,31627472.8,54438000,TQBR
ELFV,2024-06-07 00:00:00,0.5772,0.588,0.5764,0.5844,32147526.8,55114000,TQBR
ELFV,2024-06-10 00:00:00,0.5846,0.5968,0.5778,0.58,42347669.6,71836000,TQBR
ELFV,2024-06-11 00:00:00,0.578,0.5844,0.574,0.5772,20490233.0,35359000,TQBR
ELFV,2024-06-13 00:00:00,0.56,0.5874,0.5252,0.5784,51702668.6,91805000,TQBR
ELFV,2024-06-14 00:00:00,0.58,0.5888,0.5752,0.5852,22160670.4,38078000,TQBR
ELFV,2024-06-17 00:00:00,0.5852,0.5886,0.5794,0.5818,22672709.6,38871000,TQBR
ELFV,2024-06-18 00:00:00,0.5818,0.5834,0.5662,0.5808,49211601.0,85221000,TQBR
ELFV,2024-06-19 00:00:00,0.581,0.581,0.5594,0.5696,49118785.8,86529000,TQBR
ELFV,2024-06-20 00:00:00,0.5696,0.5812,0.5652,0.5704,61944629.0,108078000,TQBR
ELFV,2024-06-21 00:00:00,0.575,0.5768,0.571,0.5732,20540425.4,35843000,TQBR
ELFV,2024-06-24 00:00:00,0.5732,0.5756,0.5686,0.5688,19722892.2,34425000,TQBR
ELFV,2024-06-25 00:00:00,0.573,0.5798,0.5604,0.5766,72689417.6,127761000,TQBR
ELFV,2024-06-26 00:00:00,0.578,0.586,0.5726,0.5788,71196094.0,122824000,TQBR
ELFV,2024-06-27 00:00:00,0.5788,0.5852,0.5748,0.5784,28396181.2,48972000,TQBR
ELFV,2024-06-28 00:00:00,0.586,0.6086,0.5784,0.6064,190061927.8,317056000,TQBR
ELFV,2024-07-01 00:00:00,0.6088,0.61,0.6,0.608,43046386.0,71260000,TQBR
ELFV,2024-07-02 00:00:00,0.61,0.618,0.607,0.61,68122740.2,111258000,TQBR
ELFV,2024-07-03 00:00:00,0.6078,0.6142,0.598,0.5992,46627281.0,76809000,TQBR
ELFV,2024-07-04 00:00:00,0.5994,0.6052,0.597,0.5994,31238133.8,52084000,TQBR
ELFV,2024-07-05 00:00:00,0.5952,0.6094,0.595,0.5996,37318381.6,62213000,TQBR
ELFV,2024-07-08 00:00:00,0.5994,0.6178,0.595,0.6072,167227575.0,275369000,TQBR
ELFV,2024-07-09 00:00:00,0.6114,0.6114,0.5866,0.5896,118357561.8,199497000,TQBR
ELFV,2024-07-10 00:00:00,0.587,0.5892,0.533,0.5416,103108937.6,184515000,TQBR
ELFV,2024-07-11 00:00:00,0.53,0.573,0.53,0.5714,64911577.0,116242000,TQBR
ELFV,2024-07-12 00:00:00,0.5608,0.5718,0.545,0.5486,41716028.2,75263000,TQBR
ELFV,2024-07-15 00:00:00,0.547,0.5548,0.531,0.536,40618291.0,75271000,TQBR
ELFV,2024-07-16 00:00:00,0.5304,0.5512,0.5226,0.55,55607692.6,104359000,TQBR
ELFV,2024-07-17 00:00:00,0.55,0.5508,0.5318,0.5356,40796290.0,75425000,TQBR
ELFV,2024-07-18 00:00:00,0.535,0.55,0.527,0.55,66160192.0,122815000,TQBR
ELFV,2024-07-19 00:00:00,0.5484,0.555,0.5416,0.5492,41337333.0,75209000,TQBR
ELFV,2024-07-22 00:00:00,0.551,0.5542,0.543,0.5484,23420723.4,42691000,TQBR
ELFV,2024-07-23 00:00:00,0.547,0.5682,0.5446,0.5612,64338224.4,115433000,TQBR
ELFV,2024-07-24 00:00:00,0.562,0.5722,0.5564,0.5616,41555582.0,73594000,TQBR
ELFV,2024-07-25 00:00:00,0.56,0.5642,0.5534,0.558,18996569.6,33994000,TQBR
ELFV,2024-07-26 00:00:00,0.561,0.568,0.5478,0.5542,35545952.6,63919000,TQBR
ELFV,2024-07-29 00:00:00,0.5572,0.5572,0.54,0.5448,27725403.8,50892000,TQBR
ELFV,2024-07-30 00:00:00,0.5452,0.5518,0.5422,0.5516,14401267.0,26281000,TQBR
ELFV,2024-07-31 00:00:00,0.551,0.5552,0.5464,0.5526,15954332.2,28942000,TQBR
ELFV,2024-08-01 00:00:00,0.555,0.5766,0.5548,0.5618,180639578.2,318888000,TQBR
ELFV,2024-08-02 00:00:00,0.569,0.569,0.552,0.5582,84309925.6,150197000,TQBR
ELFV,2024-08-05 00:00:00,0.5512,0.565,0.5506,0.5554,46370735.6,83434000,TQBR
ELFV,2024-08-06 00:00:00,0.5748,0.5748,0.557,0.5736,67858792.2,119614000,TQBR
ELFV,2024-08-07 00:00:00,0.575,0.584,0.5684,0.5834,56325721.8,97900000,TQBR
ELFV,2024-08-08 00:00:00,0.5836,0.5844,0.5738,0.5764,31719639.6,54716000,TQBR
ELFV,2024-08-09 00:00:00,0.579,0.581,0.5752,0.579,11259053.8,19479000,TQBR
ELFV,2024-08-12 00:00:00,0.5754,0.5878,0.5732,0.579,25494754.2,43949000,TQBR
ELFV,2024-08-13 00:00:00,0.58,0.594,0.58,0.5902,35146995.6,59710000,TQBR
ELFV,2024-08-14 00:00:00,0.5942,0.5944,0.576,0.5782,26320136.4,44845000,TQBR
ELFV,2024-08-15 00:00:00,0.5798,0.5854,0.5744,0.5804,28094987.0,48571000,TQBR
ELFV,2024-08-16 00:00:00,0.5804,0.585,0.5766,0.5788,18578520.6,32025000,TQBR
ELFV,2024-08-19 00:00:00,0.579,0.5854,0.5702,0.5754,28861979.8,50176000,TQBR
ELFV,2024-08-20 00:00:00,0.575,0.5896,0.5656,0.5896,33537448.8,58065000,TQBR
ELFV,2024-08-21 00:00:00,0.584,0.591,0.5786,0.5882,31547830.0,54000000,TQBR
ELFV,2024-08-22 00:00:00,0.5882,0.5882,0.5714,0.582,31839492.2,54866000,TQBR
ELFV,2024-08-23 00:00:00,0.5782,0.5782,0.5582,0.567,92170344.4,163326000,TQBR
ELFV,2024-08-26 00:00:00,0.5722,0.581,0.5698,0.5728,29688980.2,51595000,TQBR
ELFV,2024-08-27 00:00:00,0.5766,0.583,0.566,0.5694,39389490.0,68538000,TQBR
ELFV,2024-08-28 00:00:00,0.5706,0.5766,0.5624,0.5752,31152891.2,54627000,TQBR
ELFV,2024-08-29 00:00:00,0.5752,0.5794,0.5706,0.5764,16076115.6,27979000,TQBR
ELFV,2024-08-30 00:00:00,0.5766,0.5774,0.5612,0.5626,28198794.0,49461000,TQBR
ELFV,2024-09-02 00:00:00,0.56,0.5644,0.5312,0.5392,57253175.8,104879000,TQBR
ELFV,2024-09-03 00:00:00,0.523,0.5476,0.523,0.5364,62209259.0,116212000,TQBR
ELFV,2024-09-04 00:00:00,0.5338,0.5574,0.5338,0.546,46882157.4,85438000,TQBR
ELFV,2024-09-05 00:00:00,0.552,0.558,0.5414,0.5506,24248850.4,44204000,TQBR
ELFV,2024-09-06 00:00:00,0.5456,0.5522,0.5376,0.5506,20663173.4,37960000,TQBR
ELFV,2024-09-09 00:00:00,0.56,0.5648,0.54,0.5606,22204777.6,39847000,TQBR
ELFV,2024-09-10 00:00:00,0.5696,0.5774,0.5564,0.5612,18059455.0,32187000,TQBR
ELFV,2024-09-11 00:00:00,0.562,0.5652,0.5564,0.5594,12751545.8,22727000,TQBR
ELFV,2024-09-12 00:00:00,0.5576,0.572,0.5576,0.5684,24871216.6,44232000,TQBR
ELFV,2024-09-13 00:00:00,0.5716,0.5716,0.5614,0.568,16070385.6,28381000,TQBR
ELFV,2024-09-16 00:00:00,0.5682,0.5758,0.566,0.5752,22059088.0,38602000,TQBR
ELFV,2024-09-17 00:00:00,0.575,0.588,0.5714,0.576,28819938.6,49922000,TQBR
ELFV,2024-09-18 00:00:00,0.577,0.587,0.5746,0.576,24039057.2,41450000,TQBR
ELFV,2024-09-19 00:00:00,0.5868,0.5868,0.5764,0.5816,27426617.0,47279000,TQBR
ELFV,2024-09-20 00:00:00,0.58,0.609,0.58,0.6006,50843754.0,84704000,TQBR
ELFV,2024-09-23 00:00:00,0.6064,0.6118,0.5968,0.5974,29852396.8,49201000,TQBR
ELFV,2024-09-24 00:00:00,0.5974,0.6054,0.5952,0.5998,18612425.0,30982000,TQBR
ELFV,2024-09-25 00:00:00,0.5988,0.62,0.5966,0.6012,38125773.4,62761000,TQBR
ELFV,2024-09-26 00:00:00,0.5964,0.6048,0.5818,0.5826,21120482.8,35488000,TQBR
ELFV,2024-09-27 00:00:00,0.5916,0.6072,0.5864,0.5996,25146032.0,41954000,TQBR
ELFV,2024-09-30 00:00:00,0.606,0.606,0.5738,0.5784,66698493.0,113442000,TQBR
ELFV,2024-10-01 00:00:00,0.574,0.579,0.5654,0.569,19618720.0,34209000,TQBR
ELFV,2024-10-02 00:00:00,0.5732,0.5786,0.5626,0.5652,20101910.2,35039000,TQBR
ELFV,2024-10-03 00:00:00,0.569,0.5794,0.5654,0.5794,19025899.6,33290000,TQBR
ELFV,2024-10-04 00:00:00,0.5752,0.5896,0.5724,0.5796,28683210.8,49214000,TQBR
ELFV,2024-10-07 00:00:00,0.5846,0.5846,0.5732,0.58,11294038.8,19533000,TQBR
ELFV,2024-10-08 00:00:00,0.5792,0.596,0.577,0.5928,16142832.4,27643000,TQBR
ELFV,2024-10-09 00:00:00,0.5914,0.592,0.5836,0.5876,21617731.6,36763000,TQBR
ELFV,2024-10-10 00:00:00,0.59,0.5942,0.582,0.5856,10228694.6,17444000,TQBR
ELFV,2024-10-11 00:00:00,0.5858,0.588,0.5752,0.578,10607368.6,18358000,TQBR
ELFV,2024-10-14 00:00:00,0.578,0.5812,0.5696,0.58,13923410.2,24166000,TQBR
ELFV,2024-10-15 00:00:00,0.583,0.589,0.5772,0.5794,16528211.0,28347000,TQBR
ELFV,2024-10-16 00:00:00,0.5804,0.5898,0.5756,0.5756,13798166.4,23670000,TQBR
ELFV,2024-10-17 00:00:00,0.5756,0.5814,0.5708,0.5712,9996499.4,17313000,TQBR
ELFV,2024-10-18 00:00:00,0.5736,0.5774,0.5678,0.5774,11974933.2,20889000,TQBR
ELFV,2024-10-21 00:00:00,0.5826,0.5836,0.5656,0.5722,18013742.4,31428000,TQBR
ELFV,2024-10-22 00:00:00,0.571,0.5722,0.565,0.5672,6694330.2,11800000,TQBR
ELFV,2024-10-23 00:00:00,0.5636,0.5662,0.5568,0.563,9345739.4,16647000,TQBR
ELFV,2024-10-24 00:00:00,0.5576,0.567,0.555,0.5664,10125406.8,18112000,TQBR
ELFV,2024-10-25 00:00:00,0.5636,0.5696,0.5506,0.5526,19466342.4,34771000,TQBR
ELFV,2024-10-28 00:00:00,0.5508,0.5536,0.5294,0.5536,33048352.2,60875000,TQBR
ELFV,2024-10-29 00:00:00,0.5544,0.5544,0.54,0.5474,14934183.6,27377000,TQBR
ELFV,2024-10-30 00:00:00,0.546,0.5532,0.5434,0.5434,8839150.0,16119000,TQBR
ELFV,2024-10-31 00:00:00,0.5532,0.5546,0.5414,0.545,25416663.8,46487000,TQBR
ELFV,2024-11-01 00:00:00,0.5506,0.5506,0.542,0.5488,21831827.4,39999000,TQBR
ELFV,2024-11-02 00:00:00,0.5472,0.5502,0.5402,0.5442,12386721.4,22714000,TQBR
ELFV,2024-11-05 00:00:00,0.545,0.5484,0.5432,0.5448,9553844.6,17510000,TQBR
ELFV,2024-11-06 00:00:00,0.552,0.5638,0.546,0.5492,41367614.0,74552000,TQBR
ELFV,2024-11-07 00:00:00,0.5506,0.5588,0.545,0.554,20962633.6,37958000,TQBR
ELFV,2024-11-08 00:00:00,0.5572,0.5656,0.553,0.5584,19395673.0,34746000,TQBR
ELFV,2024-11-11 00:00:00,0.5688,0.5744,0.5626,0.5662,36671072.0,64496000,TQBR
ELFV,2024-11-12 00:00:00,0.5662,0.574,0.5642,0.5658,16660669.0,29284000,TQBR
ELFV,2024-11-13 00:00:00,0.5658,0.5712,0.5626,0.5636,17187882.8,30270000,TQBR
ELFV,2024-11-14 00:00:00,0.5666,0.573,0.5638,0.5684,17153197.4,30168000,TQBR
ELFV,2024-11-15 00:00:00,0.5692,0.5746,0.5658,0.5724,13828730.8,24225000,TQBR
ELFV,2024-11-18 00:00:00,0.5728,0.573,0.5662,0.5674,16842370.0,29576000,TQBR
ELFV,2024-11-19 00:00:00,0.5696,0.5714,0.5434,0.547,31518968.8,56945000,TQBR
ELFV,2024-11-20 00:00:00,0.547,0.5544,0.5346,0.5416,23910815.0,43953000,TQBR
ELFV,2024-11-21 00:00:00,0.5416,0.544,0.5274,0.538,39754322.0,74487000,TQBR
ELFV,2024-11-22 00:00:00,0.54,0.54,0.526,0.5264,21047144.2,39642000,TQBR
ELFV,2024-11-25 00:00:00,0.5296,0.5322,0.5134,0.5136,19499332.2,37383000,TQBR
ELFV,2024-11-26 00:00:00,0.5154,0.52,0.4704,0.4718,56659786.8,115562000,TQBR
ELFV,2024-11-27 00:00:00,0.4724,0.4758,0.433,0.471,69180502.8,151847000,TQBR
ELFV,2024-11-28 00:00:00,0.4738,0.479,0.464,0.4742,17917311.4,37886000,TQBR
ELFV,2024-11-29 00:00:00,0.473,0.487,0.4664,0.4768,28323226.6,58936000,TQBR
ELFV,2024-12-02 00:00:00,0.479,0.4864,0.4786,0.485,11884298.6,24642000,TQBR
ELFV,2024-12-03 00:00:00,0.4866,0.4898,0.4682,0.4758,15392592.0,32325000,TQBR
ELFV,2024-12-04 00:00:00,0.4774,0.4826,0.4658,0.4692,18498569.4,39041000,TQBR
ELFV,2024-12-05 00:00:00,0.4674,0.4792,0.455,0.472,19584600.8,42063000,TQBR
ELFV,2024-12-06 00:00:00,0.4682,0.4742,0.465,0.4684,13584367.0,28964000,TQBR
ELFV,2024-12-09 00:00:00,0.4742,0.4846,0.4724,0.482,16508750.6,34464000,TQBR
ELFV,2024-12-10 00:00:00,0.484,0.484,0.4708,0.4756,8998164.8,18943000,TQBR
ELFV,2024-12-11 00:00:00,0.4762,0.4784,0.4714,0.4742,6381996.6,13417000,TQBR
ELFV,2024-12-12 00:00:00,0.4732,0.4762,0.466,0.4684,11272036.8,23955000,TQBR
ELFV,2024-12-13 00:00:00,0.4682,0.4682,0.46,0.4632,8264873.2,17852000,TQBR
ELFV,2024-12-16 00:00:00,0.4632,0.4632,0.4404,0.4424,23363985.8,52046000,TQBR
ELFV,2024-12-17 00:00:00,0.44,0.4458,0.4354,0.4432,13426957.6,30501000,TQBR
ELFV,2024-12-18 00:00:00,0.4458,0.4532,0.4382,0.4472,20480669.6,45922000,TQBR
ELFV,2024-12-19 00:00:00,0.4472,0.457,0.4466,0.4564,20567879.6,45515000,TQBR
ELFV,2024-12-20 00:00:00,0.4528,0.49,0.4528,0.489,44281357.6,93337000,TQBR
ELFV,2024-12-23 00:00:00,0.5002,0.52,0.4946,0.5028,41549547.4,82520000,TQBR
ELFV,2024-12-24 00:00:00,0.5044,0.507,0.4924,0.4952,17449866.4,35224000,TQBR
ELFV,2024-12-25 00:00:00,0.4952,0.5022,0.491,0.4988,17921621.6,36113000,TQBR
ELFV,2024-12-26 00:00:00,0.5042,0.5044,0.494,0.494,18560258.6,37224000,TQBR
ELFV,2024-12-27 00:00:00,0.498,0.5026,0.4942,0.498,22085404.8,44413000,TQBR
ELFV,2024-12-28 00:00:00,0.4998,0.5052,0.496,0.5038,23803551.0,47630000,TQBR
ELFV,2024-12-30 00:00:00,0.5116,0.52,0.5048,0.5184,34816932.6,67750000,TQBR
ELFV,2025-01-03 00:00:00,0.533,0.5346,0.5206,0.5206,24905624.4,47380000,TQBR
ELFV,2025-01-06 00:00:00,0.5228,0.525,0.5142,0.5228,13168694.0,25398000,TQBR
ELFV,2025-01-08 00:00:00,0.5218,0.532,0.5178,0.5314,21856851.6,41525000,TQBR
ELFV,2025-01-09 00:00:00,0.53,0.5328,0.5074,0.515,30512170.0,58963000,TQBR
ELFV,2025-01-10 00:00:00,0.5126,0.5278,0.5088,0.5248,22668346.0,43611000,TQBR
ELFV,2025-01-13 00:00:00,0.5298,0.534,0.5206,0.5288,45162933.6,85530000,TQBR
ELFV,2025-01-14 00:00:00,0.5298,0.5342,0.5242,0.5282,28307626.2,53536000,TQBR
ELFV,2025-01-15 00:00:00,0.5286,0.531,0.518,0.5296,30855405.6,58917000,TQBR
ELFV,2025-01-16 00:00:00,0.527,0.5342,0.5208,0.5294,49349772.8,93156000,TQBR
ELFV,2025-01-17 00:00:00,0.5292,0.5444,0.5284,0.5382,78028431.8,145154000,TQBR
ELFV,2025-01-20 00:00:00,0.5412,0.5492,0.532,0.537,53943629.0,99868000,TQBR
ELFV,2025-01-21 00:00:00,0.5402,0.5662,0.5366,0.5618,157198174.0,282392000,TQBR
ELFV,2025-01-22 00:00:00,0.5654,0.5692,0.555,0.5584,55934152.4,99529000,TQBR
ELFV,2025-01-23 00:00:00,0.559,0.56,0.5468,0.5558,24611984.2,44457000,TQBR
ELFV,2025-01-24 00:00:00,0.5598,0.5648,0.5522,0.5538,31919401.6,57128000,TQBR
ELFV,2025-01-27 00:00:00,0.558,0.5616,0.5466,0.5478,25254590.2,45754000,TQBR
ELFV,2025-01-28 00:00:00,0.5484,0.5556,0.5372,0.5532,19764032.0,36186000,TQBR
ELFV,2025-01-29 00:00:00,0.5564,0.5636,0.5534,0.5596,20647406.2,37007000,TQBR
ELFV,2025-01-30 00:00:00,0.5596,0.5678,0.556,0.5586,32331810.4,57503000,TQBR
ELFV,2025-01-31 00:00:00,0.5564,0.5612,0.5476,0.5484,13478786.0,24286000,TQBR
ELFV,2025-02-03 00:00:00,0.549,0.5514,0.5412,0.549,21216713.0,38922000,TQBR
ELFV,2025-02-04 00:00:00,0.5508,0.5526,0.539,0.54,15846352.4,29104000,TQBR
ELFV,2025-02-05 00:00:00,0.5392,0.5462,0.526,0.5432,24958710.0,46673000,TQBR
ELFV,2025-02-06 00:00:00,0.5442,0.5488,0.5428,0.5476,18533028.0,33935000,TQBR
ELFV,2025-02-07 00:00:00,0.5494,0.55,0.5406,0.5412,14020540.8,25669000,TQBR
ELFV,2025-02-10 00:00:00,0.5462,0.5506,0.543,0.545,23439277.0,42822000,TQBR
ELFV,2025-02-11 00:00:00,0.545,0.5576,0.5368,0.5492,45107178.2,82341000,TQBR
ELFV,2025-02-12 00:00:00,0.551,0.5774,0.548,0.57,76564984.6,136178000,TQBR
ELFV,2025-02-13 00:00:00,0.576,0.5878,0.567,0.5854,77877796.6,134912000,TQBR
ELFV,2025-02-14 00:00:00,0.588,0.6034,0.5676,0.579,125367209.8,214654000,TQBR
ELFV,2025-02-17 00:00:00,0.5822,0.595,0.5822,0.5922,62348160.2,105623000,TQBR
ELFV,2025-02-18 00:00:00,0.59,0.6,0.5752,0.5772,72686333.4,123265000,TQBR
ELFV,2025-02-19 00:00:00,0.584,0.5924,0.5792,0.5922,22477940.2,38378000,TQBR
ELFV,2025-02-20 00:00:00,0.591,0.5972,0.588,0.5924,26360741.6,44434000,TQBR
ELFV,2025-02-21 00:00:00,0.5942,0.5984,0.5878,0.5932,26055551.8,43945000,TQBR
ELFV,2025-02-24 00:00:00,0.5934,0.5988,0.5786,0.594,64044321.8,108721000,TQBR
ELFV,2025-02-25 00:00:00,0.5944,0.598,0.5822,0.5892,46145839.6,78387000,TQBR
ELFV,2025-02-26 00:00:00,0.5868,0.5876,0.565,0.5694,49795648.8,86476000,TQBR
ELFV,2025-02-27 00:00:00,0.569,0.569,0.5442,0.5484,45364803.0,81730000,TQBR
ELFV,2025-02-28 00:00:00,0.5548,0.5548,0.5322,0.5496,46875394.0,86570000,TQBR
ELFV,2025-03-03 00:00:00,0.5532,0.5544,0.5276,0.5426,33020110.799999986,61418000,TQBR
ELFV,2025-03-04 00:00:00,0.543,0.5598,0.5426,0.5544,53807576.19999997,97383000,TQBR
ELFV,2025-03-05 00:00:00,0.5532,0.578,0.55,0.5648,117648269.19999991,207518000,TQBR
ELFV,2025-03-06 00:00:00,0.5676,0.5698,0.556,0.5562,21533720.8,38367000,TQBR
ELFV,2025-03-07 00:00:00,0.5604,0.57,0.532,0.549,57650772.59999997,103540000,TQBR
ELFV,2025-03-10 00:00:00,0.563,0.567,0.548,0.55,26933874.20000001,48383000,TQBR
ELFV,2025-03-11 00:00:00,0.5438,0.5536,0.5432,0.549,19761307.6,35975000,TQBR
ELFV,2025-03-12 00:00:00,0.546,0.5518,0.5406,0.5466,15029899.600000003,27510000,TQBR
ELFV,2025-03-13 00:00:00,0.5436,0.5514,0.5228,0.5406,61026260.19999998,113856000,TQBR
ELFV,2025-03-14 00:00:00,0.5396,0.5482,0.538,0.5456,21926401.599999998,40356000,TQBR
ELFV,2025-03-17 00:00:00,0.5486,0.5592,0.5486,0.5544,19136076.199999984,34507000,TQBR
ELFV,2025-03-18 00:00:00,0.5554,0.5586,0.546,0.548,26685592.4,48362000,TQBR
ELFV,2025-03-19 00:00:00,0.5482,0.5508,0.5388,0.5476,18866308.000000007,34659000,TQBR
ELFV,2025-03-20 00:00:00,0.5476,0.56,0.5418,0.5472,36877510.400000006,66878000,TQBR
ELFV,2025-03-21 00:00:00,0.55,0.5576,0.5462,0.5472,20318075.60000001,36887000,TQBR
ELFV,2025-03-24 00:00:00,0.5472,0.559,0.5426,0.5456,32589384.8,59401000,TQBR
ELFV,2025-03-25 00:00:00,0.5474,0.5508,0.5346,0.545,43112284.19999999,79537000,TQBR
ELFV,2025-03-26 00:00:00,0.542,0.5544,0.5344,0.5426,55910712.8,102408000,TQBR
ELFV,2025-03-27 00:00:00,0.5426,0.5428,0.532,0.5326,25125090.799999997,46801000,TQBR
ELFV,2025-03-28 00:00:00,0.5322,0.534,0.5174,0.519,35962169.40000001,68518000,TQBR
ELFV,2025-03-29 00:00:00,0.5196,0.5196,0.508,0.5082,5946763.2,11549000,TQBR
ELFV,2025-03-30 00:00:00,0.514,0.516,0.5078,0.5086,3531573.2,6903000,TQBR
ELFV,2025-03-31 00:00:00,0.515,0.5202,0.495,0.4986,72932556.59999998,144017000,TQBR
ELFV,2025-04-01 00:00:00,0.5006,0.5068,0.4668,0.4694,110118061.20000006,226278000,TQBR
ELFV,2025-04-02 00:00:00,0.4712,0.485,0.4672,0.4806,26287896.4,55064000,TQBR
ELFV,2025-04-03 00:00:00,0.483,0.5076,0.4812,0.5036,178706192.59999973,358949000,TQBR
ELFV,2025-04-04 00:00:00,0.5036,0.5168,0.4912,0.494,80109206.19999996,160005000,TQBR
ELFV,2025-04-05 00:00:00,0.4868,0.5,0.4836,0.4926,7985569.200000005,16316000,TQBR
ELFV,2025-04-06,0.4908,0.496,0.4898,0.4944,7794470.400000002,15785000,TQBR
