secid,tradedate,open,close,low,high,capitalization
MEITTR,2020-12-25,5000.0,5000.0,5000.0,5000.0,
MEITTR,2020-12-28,4960.24,4960.24,4960.24,4960.24,
MEITTR,2020-12-29,4975.35,4975.35,4975.35,4975.35,
MEITTR,2020-12-30,5086.88,5086.88,5086.88,5086.88,
MEITTR,2021-01-04,5136.11,5136.11,5136.11,5136.11,
MEITTR,2021-01-05,5182.83,5182.83,5182.83,5182.83,
MEITTR,2021-01-06,5149.72,5149.72,5149.72,5149.72,
MEITTR,2021-01-08,5176.62,5176.62,5176.62,5176.62,
MEITTR,2021-01-11,5150.37,5150.37,5150.37,5150.37,
MEITTR,2021-01-12,5070.59,5070.59,5070.59,5070.59,
MEITTR,2021-01-13,5071.41,5071.41,5071.41,5071.41,
MEITTR,2021-01-14,4992.35,4992.35,4992.35,4992.35,
MEITTR,2021-01-15,4971.36,4971.36,4971.36,4971.36,
MEITTR,2021-01-18,5022.74,5022.74,5022.74,5022.74,
MEITTR,2021-01-19,4970.92,4970.92,4970.92,4970.92,
MEITTR,2021-01-20,5049.14,5049.14,5049.14,5049.14,
MEITTR,2021-01-21,5057.3,5057.3,5057.3,5057.3,
MEITTR,2021-01-22,5010.95,5010.95,5010.95,5010.95,
MEITTR,2021-01-25,5001.7,5001.7,5001.7,5001.7,
MEITTR,2021-01-26,4948.61,4948.61,4948.61,4948.61,
MEITTR,2021-01-27,4869.65,4869.65,4869.65,4869.65,
MEITTR,2021-01-28,4879.02,4879.02,4879.02,4879.02,
MEITTR,2021-01-29,4832.47,4832.47,4832.47,4832.47,
MEITTR,2021-02-01,4827.03,4827.03,4827.03,4827.03,
MEITTR,2021-02-02,4971.51,4971.51,4971.51,4971.51,
MEITTR,2021-02-03,4982.5,4982.5,4982.5,4982.5,
MEITTR,2021-02-04,5027.43,5027.43,5027.43,5027.43,
MEITTR,2021-02-05,5041.25,5041.25,5041.25,5041.25,
MEITTR,2021-02-08,5160.8,5160.8,5160.8,5160.8,
MEITTR,2021-02-09,5213.15,5213.15,5213.15,5213.15,
MEITTR,2021-02-10,5340.67,5340.67,5340.67,5340.67,
MEITTR,2021-02-11,5398.99,5398.99,5398.99,5398.99,
MEITTR,2021-02-12,5429.45,5429.45,5429.45,5429.45,
MEITTR,2021-02-15,5429.95,5429.95,5429.95,5429.95,
MEITTR,2021-02-16,5405.13,5405.13,5405.13,5405.13,
MEITTR,2021-02-17,5248.29,5248.29,5248.29,5248.29,
MEITTR,2021-02-18,5086.05,5086.05,5086.05,5086.05,
MEITTR,2021-02-19,5144.85,5144.85,5144.85,5144.85,
MEITTR,2021-02-20,5137.95,5137.95,5137.95,5137.95,
MEITTR,2021-02-22,5050.89,5050.89,5050.89,5050.89,
MEITTR,2021-02-24,5010.36,5010.36,5010.36,5010.36,
MEITTR,2021-02-25,5036.26,5036.26,5036.26,5036.26,
MEITTR,2021-02-26,4920.39,4920.39,4920.39,4920.39,
MEITTR,2021-03-01,5045.8,5045.8,5045.8,5045.8,
MEITTR,2021-03-02,5107.09,5107.09,5107.09,5107.09,
MEITTR,2021-03-03,5119.73,5119.73,5119.73,5119.73,
MEITTR,2021-03-04,4923.22,4923.22,4923.22,4923.22,
MEITTR,2021-03-05,4713.99,4713.99,4713.99,4713.99,
MEITTR,2021-03-09,4691.24,4691.24,4691.24,4691.24,
MEITTR,2021-03-10,4734.8,4734.8,4734.8,4734.8,
MEITTR,2021-03-11,4869.67,4869.67,4869.67,4869.67,
MEITTR,2021-03-12,4871.16,4871.16,4871.16,4871.16,
MEITTR,2021-03-15,4997.13,4997.13,4997.13,4997.13,
MEITTR,2021-03-16,5133.35,5133.35,5133.35,5133.35,
MEITTR,2021-03-17,4976.05,4976.05,4976.05,4976.05,
MEITTR,2021-03-18,4929.8,4929.8,4929.8,4929.8,
MEITTR,2021-03-19,4946.15,4946.15,4946.15,4946.15,
MEITTR,2021-03-22,4917.74,4917.74,4917.74,4917.74,
MEITTR,2021-03-23,4929.83,4929.83,4929.83,4929.83,
MEITTR,2021-03-24,4890.85,4890.85,4890.85,4890.85,
MEITTR,2021-03-25,4690.02,4690.02,4690.02,4690.02,
MEITTR,2021-03-26,4747.71,4747.71,4747.71,4747.71,
MEITTR,2021-03-29,4803.58,4803.58,4803.58,4803.58,
MEITTR,2021-03-30,4810.66,4810.66,4810.66,4810.66,
MEITTR,2021-03-31,4916.21,4916.21,4916.21,4916.21,
MEITTR,2021-04-01,4936.38,4936.38,4936.38,4936.38,
MEITTR,2021-04-02,0.0,4961.66,0.0,0.0,0.0
MEITTR,2021-04-05,0.0,4948.15,0.0,0.0,0.0
MEITTR,2021-04-06,4987.61,4987.61,4987.61,4987.61,0.0
MEITTR,2021-04-07,4915.7,4915.7,4915.7,4915.7,0.0
MEITTR,2021-04-08,4937.01,4937.01,4937.01,4937.01,0.0
MEITTR,2021-04-09,4879.78,4879.78,4879.78,4879.78,0.0
MEITTR,2021-04-12,4913.28,4913.28,4913.28,4913.28,0.0
MEITTR,2021-04-13,4699.95,4699.95,4699.95,4699.95,0.0
MEITTR,2021-04-14,4811.15,4811.15,4811.15,4811.15,0.0
MEITTR,2021-04-15,4775.68,4775.68,4775.68,4775.68,0.0
MEITTR,2021-04-16,4809.0,4809.0,4809.0,4809.0,0.0
MEITTR,2021-04-19,4786.89,4786.89,4786.89,4786.89,0.0
MEITTR,2021-04-20,4749.26,4749.26,4749.26,4749.26,0.0
MEITTR,2021-04-21,4738.68,4738.68,4738.68,4738.68,0.0
MEITTR,2021-04-22,4761.66,4761.66,4761.66,4761.66,0.0
MEITTR,2021-04-23,4683.65,4683.65,4683.65,4683.65,0.0
MEITTR,2021-04-26,4807.89,4807.89,4807.89,4807.89,0.0
MEITTR,2021-04-27,4852.11,4852.11,4852.11,4852.11,0.0
MEITTR,2021-04-28,4912.74,4912.74,4912.74,4912.74,0.0
MEITTR,2021-04-29,5035.78,5035.78,5035.78,5035.78,0.0
MEITTR,2021-04-30,5008.19,5008.19,5008.19,5008.19,0.0
MEITTR,2021-05-04,4818.53,4818.53,4818.53,4818.53,0.0
MEITTR,2021-05-05,4956.81,4956.81,4956.81,4956.81,0.0
MEITTR,2021-05-06,4870.05,4870.05,4870.05,4870.05,0.0
MEITTR,2021-05-07,4862.29,4862.29,4862.29,4862.29,0.0
MEITTR,2021-05-10,4750.29,4750.29,4750.29,4750.29,0.0
MEITTR,2021-05-11,4682.55,4682.55,4682.55,4682.55,0.0
MEITTR,2021-05-12,4617.45,4617.45,4617.45,4617.45,0.0
MEITTR,2021-05-13,4605.66,4605.66,4605.66,4605.66,0.0
MEITTR,2021-05-14,4660.84,4660.84,4660.84,4660.84,0.0
MEITTR,2021-05-17,4658.57,4658.57,4658.57,4658.57,0.0
MEITTR,2021-05-18,4754.42,4754.42,4754.42,4754.42,0.0
MEITTR,2021-05-19,4679.43,4679.43,4679.43,4679.43,0.0
MEITTR,2021-05-20,4702.7,4702.7,4702.7,4702.7,0.0
MEITTR,2021-05-21,4739.58,4739.58,4739.58,4739.58,0.0
MEITTR,2021-05-24,4852.58,4852.58,4852.58,4852.58,0.0
MEITTR,2021-05-25,4865.88,4865.88,4865.88,4865.88,0.0
MEITTR,2021-05-26,4957.51,4957.51,4957.51,4957.51,0.0
MEITTR,2021-05-27,4946.32,4946.32,4946.32,4946.32,0.0
MEITTR,2021-05-28,4939.34,4939.34,4939.34,4939.34,0.0
MEITTR,2021-05-31,4909.7,4909.7,4909.7,4909.7,0.0
MEITTR,2021-06-01,4886.54,4886.54,4886.54,4886.54,0.0
MEITTR,2021-06-02,4945.63,4945.63,4945.63,4945.63,0.0
MEITTR,2021-06-03,4860.95,4860.95,4860.95,4860.95,0.0
MEITTR,2021-06-04,4894.38,4894.38,4894.38,4894.38,0.0
MEITTR,2021-06-07,4896.22,4896.22,4896.22,4896.22,0.0
MEITTR,2021-06-08,4870.81,4870.81,4870.81,4870.81,0.0
MEITTR,2021-06-09,4977.08,4977.08,4977.08,4977.08,0.0
MEITTR,2021-06-10,4934.69,4934.69,4934.69,4934.69,0.0
MEITTR,2021-06-11,5000.32,5000.32,5000.32,5000.32,0.0
MEITTR,2021-06-14,5011.07,5011.07,5011.07,5011.07,0.0
MEITTR,2021-06-15,4920.75,4920.75,4920.75,4920.75,0.0
MEITTR,2021-06-16,4894.32,4894.32,4894.32,4894.32,0.0
MEITTR,2021-06-17,4981.99,4981.99,4981.99,4981.99,0.0
MEITTR,2021-06-18,4998.65,4998.65,4998.65,4998.65,0.0
MEITTR,2021-06-21,5026.24,5026.24,5026.24,5026.24,0.0
MEITTR,2021-06-22,4951.97,4951.97,4951.97,4951.97,0.0
MEITTR,2021-06-23,4978.0,4978.0,4978.0,4978.0,0.0
MEITTR,2021-06-24,5019.03,5019.03,5019.03,5019.03,0.0
MEITTR,2021-06-25,5032.05,5032.05,5032.05,5032.05,0.0
MEITTR,2021-06-28,5048.14,5048.14,5048.14,5048.14,0.0
MEITTR,2021-06-29,5061.97,5061.97,5061.97,5061.97,0.0
MEITTR,2021-06-30,5146.82,5146.82,5146.82,5146.82,0.0
MEITTR,2021-07-01,5107.85,5107.85,5107.85,5107.85,0.0
MEITTR,2021-07-02,5146.29,5146.29,5146.29,5146.29,0.0
MEITTR,2021-07-05,5170.56,5170.56,5170.56,5170.56,0.0
MEITTR,2021-07-06,5152.92,5152.92,5152.92,5152.92,0.0
MEITTR,2021-07-07,5307.96,5307.96,5307.96,5307.96,0.0
MEITTR,2021-07-08,5263.2,5263.2,5263.2,5263.2,0.0
MEITTR,2021-07-09,5144.62,5144.62,5144.62,5144.62,0.0
MEITTR,2021-07-12,5204.5,5204.5,5204.5,5204.5,0.0
MEITTR,2021-07-13,5194.21,5194.21,5194.21,5194.21,0.0
MEITTR,2021-07-14,5149.96,5149.96,5149.96,5149.96,0.0
MEITTR,2021-07-15,5093.93,5093.93,5093.93,5093.93,0.0
MEITTR,2021-07-16,5086.87,5086.87,5086.87,5086.87,0.0
MEITTR,2021-07-19,5034.48,5034.48,5034.48,5034.48,0.0
MEITTR,2021-07-20,5028.28,5028.28,5028.28,5028.28,0.0
MEITTR,2021-07-21,5043.14,5043.14,5043.14,5043.14,0.0
MEITTR,2021-07-22,5076.85,5076.85,5076.85,5076.85,0.0
MEITTR,2021-07-23,5055.18,5055.18,5055.18,5055.18,0.0
MEITTR,2021-07-26,5072.17,5072.17,5072.17,5072.17,0.0
MEITTR,2021-07-27,4918.95,4918.95,4918.95,4918.95,0.0
MEITTR,2021-07-28,5014.81,5014.81,5014.81,5014.81,0.0
MEITTR,2021-07-29,4963.53,4963.53,4963.53,4963.53,0.0
MEITTR,2021-07-30,4902.77,4902.77,4902.77,4902.77,0.0
MEITTR,2021-08-02,4890.19,4890.19,4890.19,4890.19,0.0
MEITTR,2021-08-03,4848.96,4848.96,4848.96,4848.96,0.0
MEITTR,2021-08-04,4871.01,4871.01,4871.01,4871.01,0.0
MEITTR,2021-08-05,4939.14,4939.14,4939.14,4939.14,0.0
MEITTR,2021-08-06,4854.84,4854.84,4854.84,4854.84,0.0
MEITTR,2021-08-09,4932.86,4932.86,4932.86,4932.86,0.0
MEITTR,2021-08-10,4918.28,4918.28,4918.28,4918.28,0.0
MEITTR,2021-08-11,4979.75,4979.75,4979.75,4979.75,0.0
MEITTR,2021-08-12,4960.36,4960.36,4960.36,4960.36,0.0
MEITTR,2021-08-13,4918.01,4918.01,4918.01,4918.01,0.0
MEITTR,2021-08-16,5017.71,5017.71,5017.71,5017.71,0.0
MEITTR,2021-08-17,5069.04,5069.04,5069.04,5069.04,0.0
MEITTR,2021-08-18,5009.11,5009.11,5009.11,5009.11,0.0
MEITTR,2021-08-19,5013.97,5013.97,5013.97,5013.97,0.0
MEITTR,2021-08-20,4957.74,4957.74,4957.74,4957.74,0.0
MEITTR,2021-08-23,5002.13,5002.13,5002.13,5002.13,0.0
MEITTR,2021-08-24,5073.49,5073.49,5073.49,5073.49,0.0
MEITTR,2021-08-25,5054.35,5054.35,5054.35,5054.35,0.0
MEITTR,2021-08-26,5094.13,5094.13,5094.13,5094.13,0.0
MEITTR,2021-08-27,5193.45,5193.45,5193.45,5193.45,0.0
MEITTR,2021-08-30,5252.59,5252.59,5252.59,5252.59,0.0
MEITTR,2021-08-31,5416.51,5416.51,5416.51,5416.51,0.0
MEITTR,2021-09-01,5545.99,5545.99,5545.99,5545.99,0.0
MEITTR,2021-09-02,5564.71,5564.71,5564.71,5564.71,0.0
MEITTR,2021-09-03,5531.96,5531.96,5531.96,5531.96,0.0
MEITTR,2021-09-06,5656.75,5656.75,5656.75,5656.75,0.0
MEITTR,2021-09-07,5538.04,5538.04,5538.04,5538.04,0.0
MEITTR,2021-09-08,5508.42,5508.42,5508.42,5508.42,0.0
MEITTR,2021-09-09,5525.76,5525.76,5525.76,5525.76,0.0
MEITTR,2021-09-10,5636.92,5636.92,5636.92,5636.92,0.0
MEITTR,2021-09-13,5682.55,5682.55,5682.55,5682.55,0.0
MEITTR,2021-09-14,5714.06,5714.06,5714.06,5714.06,0.0
MEITTR,2021-09-15,5667.97,5667.97,5667.97,5667.97,0.0
MEITTR,2021-09-16,5710.99,5710.99,5710.99,5710.99,0.0
MEITTR,2021-09-17,5683.48,5683.48,5683.48,5683.48,0.0
MEITTR,2021-09-20,5604.68,5604.68,5604.68,5604.68,0.0
MEITTR,2021-09-21,5551.03,5551.03,5551.03,5551.03,0.0
MEITTR,2021-09-22,5549.71,5549.71,5549.71,5549.71,0.0
MEITTR,2021-09-23,5621.9,5621.9,5621.9,5621.9,0.0
MEITTR,2021-09-24,5568.22,5568.22,5568.22,5568.22,0.0
MEITTR,2021-09-27,5670.31,5670.31,5670.31,5670.31,0.0
MEITTR,2021-09-28,5545.79,5545.79,5545.79,5545.79,0.0
MEITTR,2021-09-29,5508.11,5508.11,5508.11,5508.11,0.0
MEITTR,2021-09-30,5548.22,5548.22,5548.22,5548.22,0.0
MEITTR,2021-10-01,5530.99,5530.99,5530.99,5530.99,0.0
MEITTR,2021-10-04,5316.17,5316.17,5316.17,5316.17,0.0
MEITTR,2021-10-05,5386.76,5386.76,5386.76,5386.76,0.0
MEITTR,2021-10-06,5336.96,5336.96,5336.96,5336.96,0.0
MEITTR,2021-10-07,5526.04,5526.04,5526.04,5526.04,0.0
MEITTR,2021-10-08,5466.3,5466.3,5466.3,5466.3,0.0
MEITTR,2021-10-11,5483.06,5483.06,5483.06,5483.06,0.0
MEITTR,2021-10-12,5363.7,5363.7,5363.7,5363.7,0.0
MEITTR,2021-10-13,5353.86,5353.86,5353.86,5353.86,0.0
MEITTR,2021-10-14,5316.05,5316.05,5316.05,5316.05,0.0
MEITTR,2021-10-15,5278.42,5278.42,5278.42,5278.42,0.0
MEITTR,2021-10-18,5286.25,5286.25,5286.25,5286.25,0.0
MEITTR,2021-10-19,5320.18,5320.18,5320.18,5320.18,0.0
MEITTR,2021-10-20,5330.21,5330.21,5330.21,5330.21,0.0
MEITTR,2021-10-21,5263.74,5263.74,5263.74,5263.74,0.0
MEITTR,2021-10-22,5202.77,5202.77,5202.77,5202.77,0.0
MEITTR,2021-10-25,5264.82,5264.82,5264.82,5264.82,0.0
MEITTR,2021-10-26,5191.22,5191.22,5191.22,5191.22,0.0
MEITTR,2021-10-27,5369.0,5369.0,5369.0,5369.0,0.0
MEITTR,2021-10-28,5580.09,5580.09,5580.09,5580.09,0.0
MEITTR,2021-10-29,5533.38,5533.38,5533.38,5533.38,0.0
MEITTR,2021-11-01,5556.9,5556.9,5556.9,5556.9,0.0
MEITTR,2021-11-02,5611.03,5611.03,5611.03,5611.03,0.0
MEITTR,2021-11-03,5647.84,5647.84,5647.84,5647.84,0.0
MEITTR,2021-11-05,5727.22,5727.22,5727.22,5727.22,0.0
MEITTR,2021-11-08,5786.9,5786.9,5786.9,5786.9,0.0
MEITTR,2021-11-09,5683.16,5683.16,5683.16,5683.16,0.0
MEITTR,2021-11-10,5606.77,5606.77,5606.77,5606.77,0.0
MEITTR,2021-11-11,5655.43,5655.43,5655.43,5655.43,0.0
MEITTR,2021-11-12,5524.67,5524.67,5524.67,5524.67,0.0
MEITTR,2021-11-15,5616.11,5616.11,5616.11,5616.11,0.0
MEITTR,2021-11-16,5606.44,5606.44,5606.44,5606.44,0.0
MEITTR,2021-11-17,5650.2,5650.2,5650.2,5650.2,0.0
MEITTR,2021-11-18,5661.25,5661.25,5661.25,5661.25,0.0
MEITTR,2021-11-19,5718.79,5718.79,5718.79,5718.79,0.0
MEITTR,2021-11-22,5291.74,5291.74,5291.74,5291.74,0.0
MEITTR,2021-11-23,5347.34,5347.34,5347.34,5347.34,0.0
MEITTR,2021-11-24,5265.03,5265.03,5265.03,5265.03,0.0
MEITTR,2021-11-25,5284.19,5284.19,5284.19,5284.19,0.0
MEITTR,2021-11-26,5079.2,5079.2,5079.2,5079.2,0.0
MEITTR,2021-11-29,5104.13,5104.13,5104.13,5104.13,0.0
MEITTR,2021-11-30,5123.56,5123.56,5123.56,5123.56,0.0
MEITTR,2021-12-01,5158.36,5158.36,5158.36,5158.36,0.0
MEITTR,2021-12-02,4978.27,4978.27,4978.27,4978.27,0.0
MEITTR,2021-12-03,4891.2,4891.2,4891.2,4891.2,0.0
MEITTR,2021-12-06,4709.55,4709.55,4709.55,4709.55,0.0
MEITTR,2021-12-07,4816.61,4816.61,4816.61,4816.61,0.0
MEITTR,2021-12-08,4618.35,4618.35,4618.35,4618.35,0.0
MEITTR,2021-12-09,4624.54,4624.54,4624.54,4624.54,0.0
MEITTR,2021-12-10,4489.32,4489.32,4489.32,4489.32,0.0
MEITTR,2021-12-13,4314.23,4314.23,4314.23,4314.23,0.0
MEITTR,2021-12-14,4311.18,4311.18,4311.18,4311.18,0.0
MEITTR,2021-12-15,4227.73,4227.73,4227.73,4227.73,0.0
MEITTR,2021-12-16,4436.99,4436.99,4436.99,4436.99,0.0
MEITTR,2021-12-17,4357.13,4357.13,4357.13,4357.13,0.0
MEITTR,2021-12-20,4248.63,4248.63,4248.63,4248.63,0.0
MEITTR,2021-12-21,4255.15,4255.15,4255.15,4255.15,0.0
MEITTR,2021-12-22,4288.22,4288.22,4288.22,4288.22,0.0
MEITTR,2021-12-23,4167.62,4167.62,4167.62,4167.62,0.0
MEITTR,2021-12-24,4191.14,4191.14,4191.14,4191.14,0.0
MEITTR,2021-12-27,4211.2,4211.2,4211.2,4211.2,0.0
MEITTR,2021-12-28,4252.45,4252.45,4252.45,4252.45,0.0
MEITTR,2021-12-29,4126.82,4126.82,4126.82,4126.82,0.0
MEITTR,2021-12-30,4247.08,4247.08,4247.08,4247.08,0.0
MEITTR,2022-01-03,4279.62,4279.62,4279.62,4279.62,0.0
MEITTR,2022-01-04,4194.22,4194.22,4194.22,4194.22,0.0
MEITTR,2022-01-05,4111.82,4111.82,4111.82,4111.82,0.0
MEITTR,2022-01-06,3948.51,3948.51,3948.51,3948.51,0.0
MEITTR,2022-01-10,3804.96,3804.96,3804.96,3804.96,0.0
MEITTR,2022-01-11,4026.38,4026.38,4026.38,4026.38,0.0
MEITTR,2022-01-12,4065.69,4065.69,4065.69,4065.69,0.0
MEITTR,2022-01-13,3951.56,3951.56,3951.56,3951.56,0.0
MEITTR,2022-01-14,3700.93,3700.93,3700.93,3700.93,0.0
MEITTR,2022-01-17,3782.89,3782.89,3782.89,3782.89,0.0
MEITTR,2022-01-18,3559.73,3559.73,3559.73,3559.73,0.0
MEITTR,2022-01-19,3455.02,3455.02,3455.02,3455.02,0.0
MEITTR,2022-01-20,3516.15,3516.15,3516.15,3516.15,0.0
MEITTR,2022-01-21,3331.63,3331.63,3331.63,3331.63,0.0
MEITTR,2022-01-24,2931.06,2931.06,2931.06,2931.06,0.0
MEITTR,2022-01-25,2990.02,2990.02,2990.02,2990.02,0.0
MEITTR,2022-01-26,3165.07,3165.07,3165.07,3165.07,0.0
MEITTR,2022-01-27,3144.27,3144.27,3144.27,3144.27,0.0
MEITTR,2022-01-28,3158.1,3158.1,3158.1,3158.1,0.0
MEITTR,2022-01-31,3378.2,3378.2,3378.2,3378.2,0.0
MEITTR,2022-02-01,3473.61,3473.61,3473.61,3473.61,0.0
MEITTR,2022-02-02,3475.95,3475.95,3475.95,3475.95,0.0
MEITTR,2022-02-03,3333.53,3333.53,3333.53,3333.53,0.0
MEITTR,2022-02-04,3270.92,3270.92,3270.92,3270.92,0.0
MEITTR,2022-02-07,3257.88,3257.88,3257.88,3257.88,0.0
MEITTR,2022-02-08,3310.35,3310.35,3310.35,3310.35,0.0
MEITTR,2022-02-09,3467.41,3467.41,3467.41,3467.41,0.0
MEITTR,2022-02-10,3576.55,3576.55,3576.55,3576.55,0.0
MEITTR,2022-02-11,3401.96,3401.96,3401.96,3401.96,0.0
MEITTR,2022-02-14,3220.78,3220.78,3220.78,3220.78,0.0
MEITTR,2022-02-15,3606.37,3606.37,3606.37,3606.37,0.0
MEITTR,2022-02-16,3630.14,3630.14,3630.14,3630.14,0.0
MEITTR,2022-02-17,3520.15,3520.15,3520.15,3520.15,0.0
MEITTR,2022-02-18,3250.23,3250.23,3250.23,3250.23,0.0
MEITTR,2022-02-21,2874.09,2874.09,2874.09,2874.09,0.0
MEITTR,2022-02-22,3038.15,3038.15,3038.15,3038.15,0.0
MEITTR,2022-02-24,1652.79,1652.79,1652.79,1652.79,0.0
MEITTR,2022-02-25,1806.9,1806.9,1806.9,1806.9,0.0
MEITTR,2022-03-28,1795.43,1795.43,1795.43,1795.43,0.0
MEITTR,2022-03-29,1896.99,1896.99,1896.99,1896.99,0.0
MEITTR,2022-03-30,2048.6,2048.6,2048.6,2048.6,0.0
MEITTR,2022-03-31,2228.21,2228.21,2228.21,2228.21,0.0
MEITTR,2022-04-01,2275.66,2275.66,2275.66,2275.66,0.0
MEITTR,2022-04-04,2227.52,2227.52,2227.52,2227.52,0.0
MEITTR,2022-04-05,2098.9,2098.9,2098.9,2098.9,0.0
MEITTR,2022-04-06,2019.14,2019.14,2019.14,2019.14,0.0
MEITTR,2022-04-07,2054.8,2054.8,2054.8,2054.8,0.0
MEITTR,2022-04-08,2056.34,2056.34,2056.34,2056.34,0.0
MEITTR,2022-04-11,2025.75,2025.75,2025.75,2025.75,0.0
MEITTR,2022-04-12,1992.15,1992.15,1992.15,1992.15,0.0
MEITTR,2022-04-13,2003.58,2003.58,2003.58,2003.58,0.0
MEITTR,2022-04-14,1873.84,1873.84,1873.84,1873.84,0.0
MEITTR,2022-04-15,1887.16,1887.16,1887.16,1887.16,0.0
MEITTR,2022-04-18,1802.45,1802.45,1802.45,1802.45,0.0
MEITTR,2022-04-19,1781.69,1781.69,1781.69,1781.69,0.0
MEITTR,2022-04-20,1749.53,1749.53,1749.53,1749.53,0.0
MEITTR,2022-04-21,1637.68,1637.68,1637.68,1637.68,0.0
MEITTR,2022-04-22,1654.81,1654.81,1654.81,1654.81,0.0
MEITTR,2022-04-25,1492.88,1492.88,1492.88,1492.88,0.0
MEITTR,2022-04-26,1552.25,1552.25,1552.25,1552.25,0.0
MEITTR,2022-04-27,1695.79,1695.79,1695.79,1695.79,0.0
MEITTR,2022-04-28,1670.87,1670.87,1670.87,1670.87,0.0
MEITTR,2022-04-29,1706.0,1706.0,1706.0,1706.0,0.0
MEITTR,2022-05-04,1639.48,1639.48,1639.48,1639.48,0.0
MEITTR,2022-05-05,1661.56,1661.56,1661.56,1661.56,0.0
MEITTR,2022-05-06,1615.83,1615.83,1615.83,1615.83,0.0
MEITTR,2022-05-11,1609.34,1609.34,1609.34,1609.34,0.0
MEITTR,2022-05-12,1524.21,1524.21,1524.21,1524.21,0.0
MEITTR,2022-05-13,1524.14,1524.14,1524.14,1524.14,0.0
MEITTR,2022-05-16,1567.02,1567.02,1567.02,1567.02,0.0
MEITTR,2022-05-17,1620.37,1620.37,1620.37,1620.37,0.0
MEITTR,2022-05-18,1638.72,1638.72,1638.72,1638.72,0.0
MEITTR,2022-05-19,1622.83,1622.83,1622.83,1622.83,0.0
MEITTR,2022-05-20,1572.88,1572.88,1572.88,1572.88,0.0
MEITTR,2022-05-23,1526.68,1526.68,1526.68,1526.68,0.0
MEITTR,2022-05-24,1513.94,1513.94,1513.94,1513.94,0.0
MEITTR,2022-05-25,1531.0,1531.0,1531.0,1531.0,0.0
MEITTR,2022-05-26,1587.65,1587.65,1587.65,1587.65,0.0
MEITTR,2022-05-27,1566.4,1566.4,1566.4,1566.4,0.0
MEITTR,2022-05-30,1515.88,1515.88,1515.88,1515.88,0.0
MEITTR,2022-05-31,1483.62,1483.62,1483.62,1483.62,0.0
MEITTR,2022-06-01,1497.43,1497.43,1497.43,1497.43,0.0
MEITTR,2022-06-02,1498.81,1498.81,1498.81,1498.81,0.0
MEITTR,2022-06-03,1407.87,1407.87,1407.87,1407.87,0.0
MEITTR,2022-06-06,1314.3,1314.3,1314.3,1314.3,0.0
MEITTR,2022-06-07,1337.13,1337.13,1337.13,1337.13,0.0
MEITTR,2022-06-08,1367.2,1367.2,1367.2,1367.2,0.0
MEITTR,2022-06-09,1310.23,1310.23,1310.23,1310.23,0.0
MEITTR,2022-06-10,1301.78,1301.78,1301.78,1301.78,0.0
MEITTR,2022-06-14,1285.21,1285.21,1285.21,1285.21,0.0
MEITTR,2022-06-15,1304.66,1304.66,1304.66,1304.66,0.0
MEITTR,2022-06-16,1370.22,1370.22,1370.22,1370.22,0.0
MEITTR,2022-06-17,1372.1,1372.1,1372.1,1372.1,0.0
MEITTR,2022-06-20,1449.42,1449.42,1449.42,1449.42,0.0
MEITTR,2022-06-21,1424.22,1424.22,1424.22,1424.22,0.0
MEITTR,2022-06-22,1469.43,1469.43,1469.43,1469.43,0.0
MEITTR,2022-06-23,1526.6,1526.6,1526.6,1526.6,0.0
MEITTR,2022-06-24,1509.13,1509.13,1509.13,1509.13,0.0
MEITTR,2022-06-27,1624.4,1624.4,1624.4,1624.4,0.0
MEITTR,2022-06-28,1607.57,1607.57,1607.57,1607.57,0.0
MEITTR,2022-06-29,1571.43,1571.43,1571.43,1571.43,0.0
MEITTR,2022-06-30,1475.57,1475.57,1475.57,1475.57,0.0
MEITTR,2022-07-01,1471.39,1471.39,1471.39,1471.39,0.0
MEITTR,2022-07-04,1525.12,1525.12,1525.12,1525.12,0.0
MEITTR,2022-07-05,1557.92,1557.92,1557.92,1557.92,0.0
MEITTR,2022-07-06,1525.17,1525.17,1525.17,1525.17,0.0
MEITTR,2022-07-07,1594.36,1594.36,1594.36,1594.36,0.0
MEITTR,2022-07-08,1587.36,1587.36,1587.36,1587.36,0.0
MEITTR,2022-07-11,1570.32,1570.32,1570.32,1570.32,0.0
MEITTR,2022-07-12,1558.28,1558.28,1558.28,1558.28,0.0
MEITTR,2022-07-13,1502.41,1502.41,1502.41,1502.41,0.0
MEITTR,2022-07-14,1510.92,1510.92,1510.92,1510.92,0.0
MEITTR,2022-07-15,1536.24,1536.24,1536.24,1536.24,0.0
MEITTR,2022-07-18,1600.4,1600.4,1600.4,1600.4,0.0
MEITTR,2022-07-19,1582.58,1582.58,1582.58,1582.58,0.0
MEITTR,2022-07-20,1619.38,1619.38,1619.38,1619.38,0.0
MEITTR,2022-07-21,1607.11,1607.11,1607.11,1607.11,0.0
MEITTR,2022-07-22,1688.63,1688.63,1688.63,1688.63,0.0
MEITTR,2022-07-25,1856.02,1856.02,1856.02,1856.02,0.0
MEITTR,2022-07-26,2008.77,2008.77,2008.77,2008.77,0.0
MEITTR,2022-07-27,1956.23,1956.23,1956.23,1956.23,0.0
MEITTR,2022-07-28,1957.18,1957.18,1957.18,1957.18,0.0
MEITTR,2022-07-29,1863.94,1863.94,1863.94,1863.94,0.0
MEITTR,2022-08-01,1827.35,1827.35,1827.35,1827.35,0.0
MEITTR,2022-08-02,1778.64,1778.64,1778.64,1778.64,0.0
MEITTR,2022-08-03,1837.46,1837.46,1837.46,1837.46,0.0
MEITTR,2022-08-04,1899.81,1899.81,1899.81,1899.81,0.0
MEITTR,2022-08-05,1756.03,1756.03,1756.03,1756.03,0.0
MEITTR,2022-08-08,1848.53,1848.53,1848.53,1848.53,0.0
MEITTR,2022-08-09,1866.6,1866.6,1866.6,1866.6,0.0
MEITTR,2022-08-10,1898.62,1898.62,1898.62,1898.62,0.0
MEITTR,2022-08-11,1843.17,1843.17,1843.17,1843.17,0.0
MEITTR,2022-08-12,1835.12,1835.12,1835.12,1835.12,0.0
MEITTR,2022-08-15,1833.53,1833.53,1833.53,1833.53,0.0
MEITTR,2022-08-16,1856.98,1856.98,1856.98,1856.98,0.0
MEITTR,2022-08-17,1877.34,1877.34,1877.34,1877.34,0.0
MEITTR,2022-08-18,1880.39,1880.39,1880.39,1880.39,0.0
MEITTR,2022-08-19,1855.52,1855.52,1855.52,1855.52,0.0
MEITTR,2022-08-22,1915.79,1915.79,1915.79,1915.79,0.0
MEITTR,2022-08-23,1997.76,1997.76,1997.76,1997.76,0.0
MEITTR,2022-08-24,1988.4,1988.4,1988.4,1988.4,0.0
MEITTR,2022-08-25,2021.24,2021.24,2021.24,2021.24,0.0
MEITTR,2022-08-26,2008.51,2008.51,2008.51,2008.51,0.0
MEITTR,2022-08-29,2012.12,2012.12,2012.12,2012.12,0.0
MEITTR,2022-08-30,2072.73,2072.73,2072.73,2072.73,0.0
MEITTR,2022-08-31,2057.29,2057.29,2057.29,2057.29,0.0
MEITTR,2022-09-01,2066.35,2066.35,2066.35,2066.35,0.0
MEITTR,2022-09-02,2042.34,2042.34,2042.34,2042.34,0.0
MEITTR,2022-09-05,2051.14,2051.14,2051.14,2051.14,0.0
MEITTR,2022-09-06,1968.95,1968.95,1968.95,1968.95,0.0
MEITTR,2022-09-07,1975.77,1975.77,1975.77,1975.77,0.0
MEITTR,2022-09-08,1962.61,1962.61,1962.61,1962.61,0.0
MEITTR,2022-09-09,1986.61,1986.61,1986.61,1986.61,0.0
MEITTR,2022-09-12,2048.01,2048.01,2048.01,2048.01,0.0
MEITTR,2022-09-13,2068.47,2068.47,2068.47,2068.47,0.0
MEITTR,2022-09-14,2058.46,2058.46,2058.46,2058.46,0.0
MEITTR,2022-09-15,2072.87,2072.87,2072.87,2072.87,0.0
MEITTR,2022-09-16,2102.45,2102.45,2102.45,2102.45,0.0
MEITTR,2022-09-19,2125.91,2125.91,2125.91,2125.91,0.0
MEITTR,2022-09-20,1896.21,1896.21,1896.21,1896.21,0.0
MEITTR,2022-09-21,1787.9,1787.9,1787.9,1787.9,0.0
MEITTR,2022-09-22,1834.47,1834.47,1834.47,1834.47,0.0
MEITTR,2022-09-23,1713.52,1713.52,1713.52,1713.52,0.0
MEITTR,2022-09-26,1512.65,1512.65,1512.65,1512.65,0.0
MEITTR,2022-09-27,1557.22,1557.22,1557.22,1557.22,0.0
MEITTR,2022-09-28,1646.29,1646.29,1646.29,1646.29,0.0
MEITTR,2022-09-29,1692.42,1692.42,1692.42,1692.42,0.0
MEITTR,2022-09-30,1702.88,1702.88,1702.88,1702.88,0.0
MEITTR,2022-10-03,1798.31,1798.31,1798.31,1798.31,0.0
MEITTR,2022-10-04,1852.2,1852.2,1852.2,1852.2,0.0
MEITTR,2022-10-05,1871.61,1871.61,1871.61,1871.61,0.0
MEITTR,2022-10-06,1843.74,1843.74,1843.74,1843.74,0.0
MEITTR,2022-10-07,1779.92,1779.92,1779.92,1779.92,0.0
MEITTR,2022-10-10,1825.77,1825.77,1825.77,1825.77,0.0
MEITTR,2022-10-11,1862.97,1862.97,1862.97,1862.97,0.0
MEITTR,2022-10-12,1901.0,1901.0,1901.0,1901.0,0.0
MEITTR,2022-10-13,1876.37,1876.37,1876.37,1876.37,0.0
MEITTR,2022-10-14,1866.15,1866.15,1866.15,1866.15,0.0
MEITTR,2022-10-17,1898.06,1898.06,1898.06,1898.06,0.0
MEITTR,2022-10-18,1899.02,1899.02,1899.02,1899.02,0.0
MEITTR,2022-10-19,1796.27,1796.27,1796.27,1796.27,0.0
MEITTR,2022-10-20,1837.49,1837.49,1837.49,1837.49,0.0
MEITTR,2022-10-21,1850.11,1850.11,1850.11,1850.11,0.0
MEITTR,2022-10-24,1862.22,1862.22,1862.22,1862.22,0.0
MEITTR,2022-10-25,1915.86,1915.86,1915.86,1915.86,0.0
MEITTR,2022-10-26,1899.26,1899.26,1899.26,1899.26,0.0
MEITTR,2022-10-27,1918.65,1918.65,1918.65,1918.65,0.0
MEITTR,2022-10-28,1921.98,1921.98,1921.98,1921.98,0.0
MEITTR,2022-10-31,1979.3,1979.3,1979.3,1979.3,0.0
MEITTR,2022-11-01,2025.97,2025.97,2025.97,2025.97,0.0
MEITTR,2022-11-02,2009.52,2009.52,2009.52,2009.52,0.0
MEITTR,2022-11-03,2000.07,2000.07,2000.07,2000.07,0.0
MEITTR,2022-11-07,2036.54,2036.54,2036.54,2036.54,0.0
MEITTR,2022-11-08,2030.77,2030.77,2030.77,2030.77,0.0
MEITTR,2022-11-09,1966.9,1966.9,1966.9,1966.9,0.0
MEITTR,2022-11-10,2025.14,2025.14,2025.14,2025.14,0.0
MEITTR,2022-11-11,2020.52,2020.52,2020.52,2020.52,0.0
MEITTR,2022-11-14,2056.88,2056.88,2056.88,2056.88,0.0
MEITTR,2022-11-15,2035.01,2035.01,2035.01,2035.01,0.0
MEITTR,2022-11-16,2028.82,2028.82,2028.82,2028.82,0.0
MEITTR,2022-11-17,2021.2,2021.2,2021.2,2021.2,0.0
MEITTR,2022-11-18,2025.53,2025.53,2025.53,2025.53,0.0
MEITTR,2022-11-21,1969.38,1969.38,1969.38,1969.38,0.0
MEITTR,2022-11-22,1997.91,1997.91,1997.91,1997.91,0.0
MEITTR,2022-11-23,2039.05,2039.05,2039.05,2039.05,0.0
MEITTR,2022-11-24,2035.39,2035.39,2035.39,2035.39,0.0
MEITTR,2022-11-25,1951.73,1951.73,1951.73,1951.73,0.0
MEITTR,2022-11-28,1868.6,1868.6,1868.6,1868.6,0.0
MEITTR,2022-11-29,1920.25,1920.25,1920.25,1920.25,0.0
MEITTR,2022-11-30,1918.41,1918.41,1918.41,1918.41,0.0
MEITTR,2022-12-01,1916.71,1916.71,1916.71,1916.71,0.0
MEITTR,2022-12-02,1912.68,1912.68,1912.68,1912.68,0.0
MEITTR,2022-12-05,1933.82,1933.82,1933.82,1933.82,0.0
MEITTR,2022-12-06,1937.83,1937.83,1937.83,1937.83,0.0
MEITTR,2022-12-07,1922.29,1922.29,1922.29,1922.29,0.0
MEITTR,2022-12-08,1900.77,1900.77,1900.77,1900.77,0.0
MEITTR,2022-12-09,1890.2,1890.2,1890.2,1890.2,0.0
MEITTR,2022-12-12,1864.23,1864.23,1864.23,1864.23,0.0
MEITTR,2022-12-13,1850.68,1850.68,1850.68,1850.68,0.0
MEITTR,2022-12-14,1801.49,1801.49,1801.49,1801.49,0.0
MEITTR,2022-12-15,1783.48,1783.48,1783.48,1783.48,0.0
MEITTR,2022-12-16,1776.32,1776.32,1776.32,1776.32,0.0
MEITTR,2022-12-19,1746.83,1746.83,1746.83,1746.83,0.0
MEITTR,2022-12-20,1776.19,1776.19,1776.19,1776.19,0.0
MEITTR,2022-12-21,1777.08,1777.08,1777.08,1777.08,0.0
MEITTR,2022-12-22,1799.06,1799.06,1799.06,1799.06,0.0
MEITTR,2022-12-23,1775.36,1775.36,1775.36,1775.36,0.0
MEITTR,2022-12-26,1773.25,1773.25,1773.25,1773.25,0.0
MEITTR,2022-12-27,1797.48,1797.48,1797.48,1797.48,0.0
MEITTR,2022-12-28,1772.85,1772.85,1772.85,1772.85,0.0
MEITTR,2022-12-29,1776.29,1776.29,1776.29,1776.29,0.0
MEITTR,2022-12-30,1770.62,1770.62,1770.62,1770.62,0.0
MEITTR,2023-01-03,1796.63,1796.63,1796.63,1796.63,0.0
MEITTR,2023-01-04,1814.64,1814.64,1814.64,1814.64,0.0
MEITTR,2023-01-05,1802.8,1802.8,1802.8,1802.8,0.0
MEITTR,2023-01-06,1801.6,1801.6,1801.6,1801.6,0.0
MEITTR,2023-01-09,1808.2,1808.2,1808.2,1808.2,0.0
MEITTR,2023-01-10,1814.15,1814.15,1814.15,1814.15,0.0
MEITTR,2023-01-11,1858.19,1858.19,1858.19,1858.19,0.0
MEITTR,2023-01-12,1862.88,1862.88,1862.88,1862.88,0.0
MEITTR,2023-01-13,1875.25,1875.25,1875.25,1875.25,0.0
MEITTR,2023-01-16,1922.99,1922.99,1922.99,1922.99,0.0
MEITTR,2023-01-17,1885.1,1885.1,1885.1,1885.1,0.0
MEITTR,2023-01-18,1885.46,1885.46,1885.46,1885.46,0.0
MEITTR,2023-01-19,1870.51,1870.51,1870.51,1870.51,0.0
MEITTR,2023-01-20,1876.01,1876.01,1876.01,1876.01,0.0
MEITTR,2023-01-23,1923.07,1923.07,1923.07,1923.07,0.0
MEITTR,2023-01-24,1902.23,1902.23,1902.23,1902.23,0.0
MEITTR,2023-01-25,1892.54,1892.54,1892.54,1892.54,0.0
MEITTR,2023-01-26,1886.08,1886.08,1886.08,1886.08,0.0
MEITTR,2023-01-27,1910.07,1910.07,1910.07,1910.07,0.0
MEITTR,2023-01-30,1937.78,1937.78,1937.78,1937.78,0.0
MEITTR,2023-01-31,2010.11,2010.11,2010.11,2010.11,0.0
MEITTR,2023-02-01,2015.37,2015.37,2015.37,2015.37,0.0
MEITTR,2023-02-02,2040.49,2040.49,2040.49,2040.49,0.0
MEITTR,2023-02-03,2029.63,2029.63,2029.63,2029.63,0.0
MEITTR,2023-02-06,2058.64,2058.64,2058.64,2058.64,0.0
MEITTR,2023-02-07,2040.0,2040.0,2040.0,2040.0,0.0
MEITTR,2023-02-08,2014.07,2014.07,2014.07,2014.07,0.0
MEITTR,2023-02-09,2012.24,2012.24,2012.24,2012.24,0.0
MEITTR,2023-02-10,2018.17,2018.17,2018.17,2018.17,0.0
MEITTR,2023-02-13,2026.51,2026.51,2026.51,2026.51,0.0
MEITTR,2023-02-14,1995.68,1995.68,1995.68,1995.68,0.0
MEITTR,2023-02-15,1931.21,1931.21,1931.21,1931.21,0.0
MEITTR,2023-02-16,1922.09,1922.09,1922.09,1922.09,0.0
MEITTR,2023-02-17,1922.47,1922.47,1922.47,1922.47,0.0
MEITTR,2023-02-20,1919.18,1919.18,1919.18,1919.18,0.0
MEITTR,2023-02-21,1958.3,1958.3,1958.3,1958.3,0.0
MEITTR,2023-02-22,1956.13,1956.13,1956.13,1956.13,0.0
MEITTR,2023-02-24,1962.6,1962.6,1962.6,1962.6,0.0
MEITTR,2023-02-27,1989.57,1989.57,1989.57,1989.57,0.0
MEITTR,2023-02-28,1990.93,1990.93,1990.93,1990.93,0.0
MEITTR,2023-03-01,2004.3,2004.3,2004.3,2004.3,0.0
MEITTR,2023-03-02,1957.31,1957.31,1957.31,1957.31,0.0
MEITTR,2023-03-03,1967.17,1967.17,1967.17,1967.17,0.0
MEITTR,2023-03-06,1971.82,1971.82,1971.82,1971.82,0.0
MEITTR,2023-03-07,1958.75,1958.75,1958.75,1958.75,0.0
MEITTR,2023-03-09,1941.62,1941.62,1941.62,1941.62,0.0
MEITTR,2023-03-10,1922.69,1922.69,1922.69,1922.69,0.0
MEITTR,2023-03-13,1909.45,1909.45,1909.45,1909.45,0.0
MEITTR,2023-03-14,1927.3,1927.3,1927.3,1927.3,0.0
MEITTR,2023-03-15,1896.97,1896.97,1896.97,1896.97,0.0
MEITTR,2023-03-16,1858.88,1858.88,1858.88,1858.88,0.0
MEITTR,2023-03-17,1887.02,1887.02,1887.02,1887.02,0.0
MEITTR,2023-03-20,1889.44,1889.44,1889.44,1889.44,0.0
MEITTR,2023-03-21,1882.06,1882.06,1882.06,1882.06,0.0
MEITTR,2023-03-22,1873.76,1873.76,1873.76,1873.76,0.0
MEITTR,2023-03-23,1881.32,1881.32,1881.32,1881.32,0.0
MEITTR,2023-03-24,1876.63,1876.63,1876.63,1876.63,0.0
MEITTR,2023-03-27,1922.54,1922.54,1922.54,1922.54,0.0
MEITTR,2023-03-28,1921.98,1921.98,1921.98,1921.98,0.0
MEITTR,2023-03-29,1930.38,1930.38,1930.38,1930.38,0.0
MEITTR,2023-03-30,1943.95,1943.95,1943.95,1943.95,0.0
MEITTR,2023-03-31,1927.76,1927.76,1927.76,1927.76,0.0
MEITTR,2023-04-03,1961.09,1961.09,1961.09,1961.09,0.0
MEITTR,2023-04-04,1928.4,1928.4,1928.4,1928.4,0.0
MEITTR,2023-04-05,1938.98,1938.98,1938.98,1938.98,0.0
MEITTR,2023-04-06,1924.73,1924.73,1924.73,1924.73,0.0
MEITTR,2023-04-07,1917.91,1917.91,1917.91,1917.91,0.0
MEITTR,2023-04-10,1967.0,1967.0,1967.0,1967.0,0.0
MEITTR,2023-04-11,1936.96,1936.96,1936.96,1936.96,0.0
MEITTR,2023-04-12,1935.19,1935.19,1935.19,1935.19,0.0
MEITTR,2023-04-13,1917.7,1917.7,1917.7,1917.7,0.0
MEITTR,2023-04-14,1916.56,1916.56,1916.56,1916.56,0.0
MEITTR,2023-04-17,1946.25,1946.25,1946.25,1946.25,0.0
MEITTR,2023-04-18,1960.67,1960.67,1960.67,1960.67,0.0
MEITTR,2023-04-19,1948.89,1948.89,1948.89,1948.89,0.0
MEITTR,2023-04-20,1981.59,1981.59,1981.59,1981.59,0.0
MEITTR,2023-04-21,2005.01,2005.01,2005.01,2005.01,0.0
MEITTR,2023-04-24,1992.63,1992.63,1992.63,1992.63,0.0
MEITTR,2023-04-25,1987.87,1987.87,1987.87,1987.87,0.0
MEITTR,2023-04-26,2006.6,2006.6,2006.6,2006.6,0.0
MEITTR,2023-04-27,2009.93,2009.93,2009.93,2009.93,0.0
MEITTR,2023-04-28,1996.5,1996.5,1996.5,1996.5,0.0
MEITTR,2023-05-02,1940.37,1940.37,1940.37,1940.37,0.0
MEITTR,2023-05-03,1901.52,1901.52,1901.52,1901.52,0.0
MEITTR,2023-05-04,1890.9,1890.9,1890.9,1890.9,0.0
MEITTR,2023-05-05,1911.02,1911.02,1911.02,1911.02,0.0
MEITTR,2023-05-08,1877.65,1877.65,1877.65,1877.65,0.0
MEITTR,2023-05-10,1942.66,1942.66,1942.66,1942.66,0.0
MEITTR,2023-05-11,1970.01,1970.01,1970.01,1970.01,0.0
MEITTR,2023-05-12,1943.29,1943.29,1943.29,1943.29,0.0
MEITTR,2023-05-15,1985.05,1985.05,1985.05,1985.05,0.0
MEITTR,2023-05-16,1997.2,1997.2,1997.2,1997.2,0.0
MEITTR,2023-05-17,2001.68,2001.68,2001.68,2001.68,0.0
MEITTR,2023-05-18,2006.95,2006.95,2006.95,2006.95,0.0
MEITTR,2023-05-19,2088.2,2088.2,2088.2,2088.2,0.0
MEITTR,2023-05-22,2100.91,2100.91,2100.91,2100.91,0.0
MEITTR,2023-05-23,2111.8,2111.8,2111.8,2111.8,0.0
MEITTR,2023-05-24,2136.98,2136.98,2136.98,2136.98,0.0
MEITTR,2023-05-25,2145.14,2145.14,2145.14,2145.14,0.0
MEITTR,2023-05-26,2183.66,2183.66,2183.66,2183.66,0.0
MEITTR,2023-05-29,2244.19,2244.19,2244.19,2244.19,0.0
MEITTR,2023-05-30,2186.87,2186.87,2186.87,2186.87,0.0
MEITTR,2023-05-31,2208.37,2208.37,2208.37,2208.37,0.0
MEITTR,2023-06-01,2213.9,2213.9,2213.9,2213.9,0.0
MEITTR,2023-06-02,2253.2,2253.2,2253.2,2253.2,0.0
MEITTR,2023-06-05,2249.33,2249.33,2249.33,2249.33,0.0
MEITTR,2023-06-06,2283.77,2283.77,2283.77,2283.77,0.0
MEITTR,2023-06-07,2362.99,2362.99,2362.99,2362.99,0.0
MEITTR,2023-06-08,2425.31,2425.31,2425.31,2425.31,0.0
MEITTR,2023-06-09,2411.51,2411.51,2411.51,2411.51,0.0
MEITTR,2023-06-13,2443.38,2443.38,2443.38,2443.38,0.0
MEITTR,2023-06-14,2473.43,2473.43,2473.43,2473.43,0.0
MEITTR,2023-06-15,2464.75,2464.75,2464.75,2464.75,0.0
MEITTR,2023-06-16,2443.73,2443.73,2443.73,2443.73,0.0
MEITTR,2023-06-19,2426.62,2426.62,2426.62,2426.62,0.0
MEITTR,2023-06-20,2421.12,2421.12,2421.12,2421.12,0.0
MEITTR,2023-06-21,2461.43,2461.43,2461.43,2461.43,0.0
MEITTR,2023-06-22,2460.87,2460.87,2460.87,2460.87,0.0
MEITTR,2023-06-23,2419.18,2419.18,2419.18,2419.18,0.0
MEITTR,2023-06-26,2363.24,2363.24,2363.24,2363.24,0.0
MEITTR,2023-06-27,2398.5,2398.5,2398.5,2398.5,0.0
MEITTR,2023-06-28,2398.42,2398.42,2398.42,2398.42,0.0
MEITTR,2023-06-29,2406.94,2406.94,2406.94,2406.94,0.0
MEITTR,2023-06-30,2392.19,2392.19,2392.19,2392.19,0.0
MEITTR,2023-07-03,2363.76,2363.76,2363.76,2363.76,0.0
MEITTR,2023-07-04,2356.25,2356.25,2356.25,2356.25,0.0
MEITTR,2023-07-05,2356.42,2356.42,2356.42,2356.42,0.0
MEITTR,2023-07-06,2351.21,2351.21,2351.21,2351.21,0.0
MEITTR,2023-07-07,2350.4,2350.4,2350.4,2350.4,0.0
MEITTR,2023-07-10,2375.34,2375.34,2375.34,2375.34,0.0
MEITTR,2023-07-11,2401.65,2401.65,2401.65,2401.65,0.0
MEITTR,2023-07-12,2443.15,2443.15,2443.15,2443.15,0.0
MEITTR,2023-07-13,2439.54,2439.54,2439.54,2439.54,0.0
MEITTR,2023-07-14,2506.09,2506.09,2506.09,2506.09,0.0
MEITTR,2023-07-17,2541.82,2541.82,2541.82,2541.82,0.0
MEITTR,2023-07-18,2560.72,2560.72,2560.72,2560.72,0.0
MEITTR,2023-07-19,2541.39,2541.39,2541.39,2541.39,0.0
MEITTR,2023-07-20,2510.16,2510.16,2510.16,2510.16,0.0
MEITTR,2023-07-21,2523.75,2523.75,2523.75,2523.75,0.0
MEITTR,2023-07-24,2616.48,2616.48,2616.48,2616.48,0.0
MEITTR,2023-07-25,2665.83,2665.83,2665.83,2665.83,0.0
MEITTR,2023-07-26,2694.03,2694.03,2694.03,2694.03,0.0
MEITTR,2023-07-27,2718.04,2718.04,2718.04,2718.04,0.0
MEITTR,2023-07-28,2735.44,2735.44,2735.44,2735.44,0.0
MEITTR,2023-07-31,2737.9,2737.9,2737.9,2737.9,0.0
MEITTR,2023-08-01,2760.58,2760.58,2760.58,2760.58,0.0
MEITTR,2023-08-02,2761.82,2761.82,2761.82,2761.82,0.0
MEITTR,2023-08-03,2866.38,2866.38,2866.38,2866.38,0.0
MEITTR,2023-08-04,2812.5,2812.5,2812.5,2812.5,0.0
MEITTR,2023-08-07,2841.57,2841.57,2841.57,2841.57,0.0
MEITTR,2023-08-08,2858.58,2858.58,2858.58,2858.58,0.0
MEITTR,2023-08-09,2862.04,2862.04,2862.04,2862.04,0.0
MEITTR,2023-08-10,2929.59,2929.59,2929.59,2929.59,0.0
MEITTR,2023-08-11,2927.03,2927.03,2927.03,2927.03,0.0
MEITTR,2023-08-14,2885.57,2885.57,2885.57,2885.57,0.0
MEITTR,2023-08-15,2871.86,2871.86,2871.86,2871.86,0.0
MEITTR,2023-08-16,2799.3,2799.3,2799.3,2799.3,0.0
MEITTR,2023-08-17,2815.2,2815.2,2815.2,2815.2,0.0
MEITTR,2023-08-18,2899.1,2899.1,2899.1,2899.1,0.0
MEITTR,2023-08-21,2953.41,2953.41,2953.41,2953.41,0.0
MEITTR,2023-08-22,3016.43,3016.43,3016.43,3016.43,0.0
MEITTR,2023-08-23,3001.81,3001.81,3001.81,3001.81,0.0
MEITTR,2023-08-24,2990.07,2990.07,2990.07,2990.07,0.0
MEITTR,2023-08-25,3001.16,3001.16,3001.16,3001.16,0.0
MEITTR,2023-08-28,3047.83,3047.83,3047.83,3047.83,0.0
MEITTR,2023-08-29,3033.93,3033.93,3033.93,3033.93,0.0
MEITTR,2023-08-30,3026.76,3026.76,3026.76,3026.76,0.0
MEITTR,2023-08-31,3036.82,3036.82,3036.82,3036.82,0.0
MEITTR,2023-09-01,3042.24,3042.24,3042.24,3042.24,0.0
MEITTR,2023-09-04,3096.35,3096.35,3096.35,3096.35,0.0
MEITTR,2023-09-05,3096.95,3096.95,3096.95,3096.95,0.0
MEITTR,2023-09-06,3038.87,3038.87,3038.87,3038.87,0.0
MEITTR,2023-09-07,2951.24,2951.24,2951.24,2951.24,0.0
MEITTR,2023-09-08,2925.76,2925.76,2925.76,2925.76,0.0
MEITTR,2023-09-11,2849.59,2849.59,2849.59,2849.59,0.0
MEITTR,2023-09-12,2907.37,2907.37,2907.37,2907.37,0.0
MEITTR,2023-09-13,2869.73,2869.73,2869.73,2869.73,0.0
MEITTR,2023-09-14,2846.65,2846.65,2846.65,2846.65,0.0
MEITTR,2023-09-15,2919.15,2919.15,2919.15,2919.15,0.0
MEITTR,2023-09-18,2870.08,2870.08,2870.08,2870.08,0.0
MEITTR,2023-09-19,2830.01,2830.01,2830.01,2830.01,0.0
MEITTR,2023-09-20,2776.4,2776.4,2776.4,2776.4,0.0
MEITTR,2023-09-21,2744.04,2744.04,2744.04,2744.04,0.0
MEITTR,2023-09-22,2751.11,2751.11,2751.11,2751.11,0.0
MEITTR,2023-09-25,2754.47,2754.47,2754.47,2754.47,0.0
MEITTR,2023-09-26,2759.12,2759.12,2759.12,2759.12,0.0
MEITTR,2023-09-27,2800.92,2800.92,2800.92,2800.92,0.0
MEITTR,2023-09-28,2826.65,2826.65,2826.65,2826.65,0.0
MEITTR,2023-09-29,2804.84,2804.84,2804.84,2804.84,0.0
MEITTR,2023-10-02,2801.6,2801.6,2801.6,2801.6,0.0
MEITTR,2023-10-03,2805.62,2805.62,2805.62,2805.62,0.0
MEITTR,2023-10-04,2811.0,2811.0,2811.0,2811.0,0.0
MEITTR,2023-10-05,2838.23,2838.23,2838.23,2838.23,0.0
MEITTR,2023-10-06,2857.2,2857.2,2857.2,2857.2,0.0
MEITTR,2023-10-09,2867.13,2867.13,2867.13,2867.13,0.0
MEITTR,2023-10-10,2885.76,2885.76,2885.76,2885.76,0.0
MEITTR,2023-10-11,2903.66,2903.66,2903.66,2903.66,0.0
MEITTR,2023-10-12,2886.8,2886.8,2886.8,2886.8,0.0
MEITTR,2023-10-13,2911.47,2911.47,2911.47,2911.47,0.0
MEITTR,2023-10-16,2917.48,2917.48,2917.48,2917.48,0.0
MEITTR,2023-10-17,2888.59,2888.59,2888.59,2888.59,0.0
MEITTR,2023-10-18,2885.64,2885.64,2885.64,2885.64,0.0
MEITTR,2023-10-19,2948.16,2948.16,2948.16,2948.16,0.0
MEITTR,2023-10-20,2918.02,2918.02,2918.02,2918.02,0.0
MEITTR,2023-10-23,2902.0,2902.0,2902.0,2902.0,0.0
MEITTR,2023-10-24,2886.66,2886.66,2886.66,2886.66,0.0
MEITTR,2023-10-25,2904.1,2904.1,2904.1,2904.1,0.0
MEITTR,2023-10-26,2858.41,2858.41,2858.41,2858.41,0.0
MEITTR,2023-10-27,2837.42,2837.42,2837.42,2837.42,0.0
MEITTR,2023-10-30,2809.33,2809.33,2809.33,2809.33,0.0
MEITTR,2023-10-31,2782.82,2782.82,2782.82,2782.82,0.0
MEITTR,2023-11-01,2801.57,2801.57,2801.57,2801.57,0.0
MEITTR,2023-11-02,2791.79,2791.79,2791.79,2791.79,0.0
MEITTR,2023-11-03,2819.47,2819.47,2819.47,2819.47,0.0
MEITTR,2023-11-06,2848.91,2848.91,2848.91,2848.91,0.0
MEITTR,2023-11-07,2854.69,2854.69,2854.69,2854.69,0.0
MEITTR,2023-11-08,2847.43,2847.43,2847.43,2847.43,0.0
MEITTR,2023-11-09,2825.93,2825.93,2825.93,2825.93,0.0
MEITTR,2023-11-10,2790.65,2790.65,2790.65,2790.65,0.0
MEITTR,2023-11-13,2795.76,2795.76,2795.76,2795.76,0.0
MEITTR,2023-11-14,2802.72,2802.72,2802.72,2802.72,0.0
MEITTR,2023-11-15,2804.98,2804.98,2804.98,2804.98,0.0
MEITTR,2023-11-16,2816.45,2816.45,2816.45,2816.45,0.0
MEITTR,2023-11-17,2818.77,2818.77,2818.77,2818.77,0.0
MEITTR,2023-11-20,2863.89,2863.89,2863.89,2863.89,0.0
MEITTR,2023-11-21,2919.03,2919.03,2919.03,2919.03,0.0
MEITTR,2023-11-22,2927.05,2927.05,2927.05,2927.05,0.0
MEITTR,2023-11-23,2911.97,2911.97,2911.97,2911.97,0.0
MEITTR,2023-11-24,2883.1,2883.1,2883.1,2883.1,0.0
MEITTR,2023-11-27,2877.19,2877.19,2877.19,2877.19,0.0
MEITTR,2023-11-28,2879.61,2879.61,2879.61,2879.61,0.0
MEITTR,2023-11-29,2874.7,2874.7,2874.7,2874.7,0.0
MEITTR,2023-11-30,2826.91,2826.91,2826.91,2826.91,0.0
MEITTR,2023-12-01,2754.11,2754.11,2754.11,2754.11,0.0
MEITTR,2023-12-04,2720.78,2720.78,2720.78,2720.78,0.0
MEITTR,2023-12-05,2696.5,2696.5,2696.5,2696.5,0.0
MEITTR,2023-12-06,2655.1,2655.1,2655.1,2655.1,0.0
MEITTR,2023-12-07,2625.09,2625.09,2625.09,2625.09,0.0
MEITTR,2023-12-08,2635.93,2635.93,2635.93,2635.93,0.0
MEITTR,2023-12-11,2501.52,2501.52,2501.52,2501.52,0.0
MEITTR,2023-12-12,2514.37,2514.37,2514.37,2514.37,0.0
MEITTR,2023-12-13,2540.63,2540.63,2540.63,2540.63,0.0
MEITTR,2023-12-14,2506.81,2506.81,2506.81,2506.81,0.0
MEITTR,2023-12-15,2544.06,2544.06,2544.06,2544.06,0.0
MEITTR,2023-12-18,2610.77,2610.77,2610.77,2610.77,0.0
MEITTR,2023-12-19,2597.47,2597.47,2597.47,2597.47,0.0
MEITTR,2023-12-20,2624.19,2624.19,2624.19,2624.19,0.0
MEITTR,2023-12-21,2586.19,2586.19,2586.19,2586.19,0.0
MEITTR,2023-12-22,2604.77,2604.77,2604.77,2604.77,0.0
MEITTR,2023-12-25,2632.73,2632.73,2632.73,2632.73,0.0
MEITTR,2023-12-26,2648.63,2648.63,2648.63,2648.63,0.0
MEITTR,2023-12-27,2679.86,2679.86,2679.86,2679.86,0.0
MEITTR,2023-12-28,2721.44,2721.44,2721.44,2721.44,0.0
MEITTR,2023-12-29,2728.86,2728.86,2728.86,2728.86,0.0
MEITTR,2024-01-03,2752.98,2752.98,2752.98,2752.98,0.0
MEITTR,2024-01-04,2776.62,2776.62,2776.62,2776.62,0.0
MEITTR,2024-01-05,2774.25,2774.25,2774.25,2774.25,0.0
MEITTR,2024-01-08,2797.16,2797.16,2797.16,2797.16,0.0
MEITTR,2024-01-09,2846.46,2846.46,2846.46,2846.46,0.0
MEITTR,2024-01-10,2874.07,2874.07,2874.07,2874.07,0.0
MEITTR,2024-01-11,2879.98,2879.98,2879.98,2879.98,0.0
MEITTR,2024-01-12,2894.55,2894.55,2894.55,2894.55,0.0
MEITTR,2024-01-15,2929.78,2929.78,2929.78,2929.78,0.0
MEITTR,2024-01-16,2898.48,2898.48,2898.48,2898.48,0.0
MEITTR,2024-01-17,2880.31,2880.31,2880.31,2880.31,0.0
MEITTR,2024-01-18,2862.13,2862.13,2862.13,2862.13,0.0
MEITTR,2024-01-19,2838.0,2838.0,2838.0,2838.0,0.0
MEITTR,2024-01-22,2880.37,2880.37,2880.37,2880.37,0.0
MEITTR,2024-01-23,2868.32,2868.32,2868.32,2868.32,0.0
MEITTR,2024-01-24,2879.02,2879.02,2879.02,2879.02,0.0
MEITTR,2024-01-25,2919.49,2919.49,2919.49,2919.49,0.0
MEITTR,2024-01-26,2996.95,2996.95,2996.95,2996.95,0.0
MEITTR,2024-01-29,3030.23,3030.23,3030.23,3030.23,0.0
MEITTR,2024-01-30,3090.57,3090.57,3090.57,3090.57,0.0
MEITTR,2024-01-31,3090.6,3090.6,3090.6,3090.6,0.0
MEITTR,2024-02-01,3112.13,3112.13,3112.13,3112.13,0.0
MEITTR,2024-02-02,3096.53,3096.53,3096.53,3096.53,0.0
MEITTR,2024-02-05,3084.42,3084.42,3084.42,3084.42,0.0
MEITTR,2024-02-06,3103.41,3103.41,3103.41,3103.41,0.0
MEITTR,2024-02-07,3161.75,3161.75,3161.75,3161.75,0.0
MEITTR,2024-02-08,3130.32,3130.32,3130.32,3130.32,0.0
MEITTR,2024-02-09,3111.46,3111.46,3111.46,3111.46,0.0
MEITTR,2024-02-12,3193.4,3193.4,3193.4,3193.4,0.0
MEITTR,2024-02-13,3288.91,3288.91,3288.91,3288.91,0.0
MEITTR,2024-02-14,3291.21,3291.21,3291.21,3291.21,0.0
MEITTR,2024-02-15,3322.88,3322.88,3322.88,3322.88,0.0
MEITTR,2024-02-16,3277.52,3277.52,3277.52,3277.52,0.0
MEITTR,2024-02-19,3275.41,3275.41,3275.41,3275.41,0.0
MEITTR,2024-02-20,3236.04,3236.04,3236.04,3236.04,0.0
MEITTR,2024-02-21,3132.39,3132.39,3132.39,3132.39,0.0
MEITTR,2024-02-22,3152.81,3152.81,3152.81,3152.81,0.0
MEITTR,2024-02-26,3260.4,3260.4,3260.4,3260.4,0.0
MEITTR,2024-02-27,3261.71,3261.71,3261.71,3261.71,0.0
MEITTR,2024-02-28,3242.43,3242.43,3242.43,3242.43,0.0
MEITTR,2024-02-29,3264.91,3264.91,3264.91,3264.91,0.0
MEITTR,2024-03-01,3343.0,3343.0,3343.0,3343.0,0.0
MEITTR,2024-03-04,3433.99,3433.99,3433.99,3433.99,0.0
MEITTR,2024-03-05,3430.48,3430.48,3430.48,3430.48,0.0
MEITTR,2024-03-06,3405.13,3405.13,3405.13,3405.13,0.0
MEITTR,2024-03-07,3421.56,3421.56,3421.56,3421.56,0.0
MEITTR,2024-03-11,3439.88,3439.88,3439.88,3439.88,0.0
MEITTR,2024-03-12,3404.29,3404.29,3404.29,3404.29,0.0
MEITTR,2024-03-13,3442.12,3442.12,3442.12,3442.12,0.0
MEITTR,2024-03-14,3412.6,3412.6,3412.6,3412.6,0.0
MEITTR,2024-03-15,3445.18,3445.18,3445.18,3445.18,0.0
MEITTR,2024-03-18,3504.83,3504.83,3504.83,3504.83,0.0
MEITTR,2024-03-19,3541.68,3541.68,3541.68,3541.68,0.0
MEITTR,2024-03-20,3618.59,3618.59,3618.59,3618.59,0.0
MEITTR,2024-03-21,3629.32,3629.32,3629.32,3629.32,0.0
MEITTR,2024-03-22,3584.25,3584.25,3584.25,3584.25,0.0
MEITTR,2024-03-25,3648.67,3648.67,3648.67,3648.67,0.0
MEITTR,2024-03-26,3692.59,3692.59,3692.59,3692.59,0.0
MEITTR,2024-03-27,3721.29,3721.29,3721.29,3721.29,0.0
MEITTR,2024-03-28,3755.57,3755.57,3755.57,3755.57,0.0
MEITTR,2024-03-29,3767.23,3767.23,3767.23,3767.23,0.0
MEITTR,2024-04-01,3864.25,3864.25,3864.25,3864.25,0.0
MEITTR,2024-04-02,3863.53,3863.53,3863.53,3863.53,0.0
MEITTR,2024-04-03,3862.24,3862.24,3862.24,3862.24,0.0
MEITTR,2024-04-04,3878.23,3878.23,3878.23,3878.23,0.0
MEITTR,2024-04-05,3822.93,3822.93,3822.93,3822.93,0.0
MEITTR,2024-04-08,3829.12,3829.12,3829.12,3829.12,0.0
MEITTR,2024-04-09,3764.11,3764.11,3764.11,3764.11,0.0
MEITTR,2024-04-10,3815.15,3815.15,3815.15,3815.15,0.0
MEITTR,2024-04-11,3808.31,3808.31,3808.31,3808.31,0.0
MEITTR,2024-04-12,3813.04,3813.04,3813.04,3813.04,0.0
MEITTR,2024-04-15,3883.41,3883.41,3883.41,3883.41,0.0
MEITTR,2024-04-16,3906.75,3906.75,3906.75,3906.75,0.0
MEITTR,2024-04-17,3917.15,3917.15,3917.15,3917.15,0.0
MEITTR,2024-04-18,3949.08,3949.08,3949.08,3949.08,0.0
MEITTR,2024-04-19,3989.78,3989.78,3989.78,3989.78,0.0
MEITTR,2024-04-22,4035.92,4035.92,4035.92,4035.92,0.0
MEITTR,2024-04-23,3960.68,3960.68,3960.68,3960.68,0.0
MEITTR,2024-04-24,3903.17,3903.17,3903.17,3903.17,0.0
MEITTR,2024-04-25,4009.47,4009.47,4009.47,4009.47,0.0
MEITTR,2024-04-26,4031.44,4031.44,4031.44,4031.44,0.0
MEITTR,2024-04-27,4019.5,4019.5,4019.5,4019.5,0.0
MEITTR,2024-04-29,4078.7,4078.7,4078.7,4078.7,0.0
MEITTR,2024-04-30,4091.73,4091.73,4091.73,4091.73,0.0
MEITTR,2024-05-02,4038.55,4038.55,4038.55,4038.55,0.0
MEITTR,2024-05-03,4084.22,4084.22,4084.22,4084.22,0.0
MEITTR,2024-05-06,4071.49,4071.49,4071.49,4071.49,0.0
MEITTR,2024-05-07,4115.87,4115.87,4115.87,4115.87,0.0
MEITTR,2024-05-08,4099.72,4099.72,4099.72,4099.72,0.0
MEITTR,2024-05-10,4096.75,4096.75,4096.75,4096.75,0.0
MEITTR,2024-05-13,4161.77,4161.77,4161.77,4161.77,0.0
MEITTR,2024-05-14,4218.58,4218.58,4218.58,4218.58,0.0
MEITTR,2024-05-15,4213.48,4213.48,4213.48,4213.48,0.0
MEITTR,2024-05-16,4205.12,4205.12,4205.12,4205.12,0.0
MEITTR,2024-05-17,4254.15,4254.15,4254.15,4254.15,0.0
MEITTR,2024-05-20,4236.59,4236.59,4236.59,4236.59,0.0
MEITTR,2024-05-21,4237.59,4237.59,4237.59,4237.59,0.0
MEITTR,2024-05-22,4247.17,4247.17,4247.17,4247.17,0.0
MEITTR,2024-05-23,4271.23,4271.23,4271.23,4271.23,0.0
MEITTR,2024-05-24,4182.93,4182.93,4182.93,4182.93,0.0
MEITTR,2024-05-27,4077.34,4077.34,4077.34,4077.34,0.0
MEITTR,2024-05-28,4117.97,4117.97,4117.97,4117.97,0.0
MEITTR,2024-05-29,4077.3,4077.3,4077.3,4077.3,0.0
MEITTR,2024-05-30,4019.31,4019.31,4019.31,4019.31,0.0
MEITTR,2024-05-31,3901.51,3901.51,3901.51,3901.51,0.0
MEITTR,2024-06-03,3823.53,3823.53,3823.53,3823.53,0.0
MEITTR,2024-06-04,4006.67,4006.67,4006.67,4006.67,0.0
MEITTR,2024-06-05,4064.47,4064.47,4064.47,4064.47,0.0
MEITTR,2024-06-06,4027.48,4027.48,4027.48,4027.48,0.0
MEITTR,2024-06-07,4184.47,4184.47,4184.47,4184.47,0.0
MEITTR,2024-06-10,4099.98,4099.98,4099.98,4099.98,0.0
MEITTR,2024-06-11,4099.19,4099.19,4099.19,4099.19,0.0
MEITTR,2024-06-13,4081.28,4081.28,4081.28,4081.28,0.0
MEITTR,2024-06-14,4129.95,4129.95,4129.95,4129.95,0.0
MEITTR,2024-06-17,4078.23,4078.23,4078.23,4078.23,0.0
MEITTR,2024-06-18,3941.88,3941.88,3941.88,3941.88,0.0
MEITTR,2024-06-19,3776.82,3776.82,3776.82,3776.82,0.0
MEITTR,2024-06-20,3950.3,3950.3,3950.3,3950.3,0.0
MEITTR,2024-06-21,3947.9,3947.9,3947.9,3947.9,0.0
MEITTR,2024-06-24,3913.62,3913.62,3913.62,3913.62,0.0
MEITTR,2024-06-25,3917.24,3917.24,3917.24,3917.24,0.0
MEITTR,2024-06-26,3944.68,3944.68,3944.68,3944.68,0.0
MEITTR,2024-06-27,3935.85,3935.85,3935.85,3935.85,0.0
MEITTR,2024-06-28,3910.37,3910.37,3910.37,3910.37,0.0
MEITTR,2024-07-01,3918.74,3918.74,3918.74,3918.74,0.0
MEITTR,2024-07-02,3939.73,3939.73,3939.73,3939.73,0.0
MEITTR,2024-07-03,3905.54,3905.54,3905.54,3905.54,0.0
MEITTR,2024-07-04,3796.84,3796.84,3796.84,3796.84,0.0
MEITTR,2024-07-05,3808.49,3808.49,3808.49,3808.49,0.0
MEITTR,2024-07-08,3727.04,3727.04,3727.04,3727.04,0.0
MEITTR,2024-07-09,3587.67,3587.67,3587.67,3587.67,0.0
MEITTR,2024-07-10,3456.88,3456.88,3456.88,3456.88,0.0
MEITTR,2024-07-11,3599.3,3599.3,3599.3,3599.3,0.0
MEITTR,2024-07-12,3619.79,3619.79,3619.79,3619.79,0.0
MEITTR,2024-07-15,3516.04,3516.04,3516.04,3516.04,0.0
MEITTR,2024-07-16,3633.48,3633.48,3633.48,3633.48,0.0
MEITTR,2024-07-17,3603.83,3603.83,3603.83,3603.83,0.0
MEITTR,2024-07-18,3672.04,3672.04,3672.04,3672.04,0.0
MEITTR,2024-07-19,3736.16,3736.16,3736.16,3736.16,0.0
MEITTR,2024-07-22,3701.21,3701.21,3701.21,3701.21,0.0
MEITTR,2024-07-23,3694.82,3694.82,3694.82,3694.82,0.0
MEITTR,2024-07-24,3718.82,3718.82,3718.82,3718.82,0.0
MEITTR,2024-07-25,3733.07,3733.07,3733.07,3733.07,0.0
MEITTR,2024-07-26,3650.09,3650.09,3650.09,3650.09,0.0
MEITTR,2024-07-29,3494.67,3494.67,3494.67,3494.67,0.0
MEITTR,2024-07-30,3578.98,3578.98,3578.98,3578.98,0.0
MEITTR,2024-07-31,3607.86,3607.86,3607.86,3607.86,0.0
MEITTR,2024-08-01,3575.08,3575.08,3575.08,3575.08,0.0
MEITTR,2024-08-02,3515.57,3515.57,3515.57,3515.57,0.0
MEITTR,2024-08-05,3449.97,3449.97,3449.97,3449.97,0.0
MEITTR,2024-08-06,3452.51,3452.51,3452.51,3452.51,0.0
MEITTR,2024-08-07,3538.71,3538.71,3538.71,3538.71,0.0
MEITTR,2024-08-08,3493.17,3493.17,3493.17,3493.17,0.0
MEITTR,2024-08-09,3466.66,3466.66,3466.66,3466.66,0.0
MEITTR,2024-08-12,3446.26,3446.26,3446.26,3446.26,0.0
MEITTR,2024-08-13,3453.86,3453.86,3453.86,3453.86,0.0
MEITTR,2024-08-14,3423.29,3423.29,3423.29,3423.29,0.0
MEITTR,2024-08-15,3359.07,3359.07,3359.07,3359.07,0.0
MEITTR,2024-08-16,3346.89,3346.89,3346.89,3346.89,0.0
MEITTR,2024-08-19,3251.54,3251.54,3251.54,3251.54,0.0
MEITTR,2024-08-20,3233.38,3233.38,3233.38,3233.38,0.0
MEITTR,2024-08-21,3180.66,3180.66,3180.66,3180.66,0.0
MEITTR,2024-08-22,3126.85,3126.85,3126.85,3126.85,0.0
MEITTR,2024-08-23,3086.6,3086.6,3086.6,3086.6,0.0
MEITTR,2024-08-26,3189.01,3189.01,3189.01,3189.01,0.0
MEITTR,2024-08-27,3164.88,3164.88,3164.88,3164.88,0.0
MEITTR,2024-08-28,3101.6,3101.6,3101.6,3101.6,0.0
MEITTR,2024-08-29,3100.43,3100.43,3100.43,3100.43,0.0
MEITTR,2024-08-30,3017.46,3017.46,3017.46,3017.46,0.0
MEITTR,2024-09-02,2845.57,2845.57,2845.57,2845.57,0.0
MEITTR,2024-09-03,2876.7,2876.7,2876.7,2876.7,0.0
MEITTR,2024-09-04,2989.91,2989.91,2989.91,2989.91,0.0
MEITTR,2024-09-05,3031.34,3031.34,3031.34,3031.34,0.0
MEITTR,2024-09-06,3042.62,3042.62,3042.62,3042.62,0.0
MEITTR,2024-09-09,3177.9,3177.9,3177.9,3177.9,0.0
MEITTR,2024-09-10,3140.38,3140.38,3140.38,3140.38,0.0
MEITTR,2024-09-11,3127.79,3127.79,3127.79,3127.79,0.0
MEITTR,2024-09-12,3014.09,3014.09,3014.09,3014.09,0.0
MEITTR,2024-09-13,3114.65,3114.65,3114.65,3114.65,0.0
MEITTR,2024-09-16,3199.92,3199.92,3199.92,3199.92,0.0
MEITTR,2024-09-17,3233.36,3233.36,3233.36,3233.36,0.0
MEITTR,2024-09-18,3190.15,3190.15,3190.15,3190.15,0.0
MEITTR,2024-09-19,3188.41,3188.41,3188.41,3188.41,0.0
MEITTR,2024-09-20,3219.44,3219.44,3219.44,3219.44,0.0
MEITTR,2024-09-23,3281.13,3281.13,3281.13,3281.13,0.0
MEITTR,2024-09-24,3290.39,3290.39,3290.39,3290.39,0.0
MEITTR,2024-09-25,3194.81,3194.81,3194.81,3194.81,0.0
MEITTR,2024-09-26,3137.81,3137.81,3137.81,3137.81,0.0
MEITTR,2024-09-27,3216.04,3216.04,3216.04,3216.04,0.0
MEITTR,2024-09-30,3199.57,3199.57,3199.57,3199.57,0.0
MEITTR,2024-10-01,3129.85,3129.85,3129.85,3129.85,0.0
MEITTR,2024-10-02,3076.34,3076.34,3076.34,3076.34,0.0
MEITTR,2024-10-03,3081.74,3081.74,3081.74,3081.74,0.0
MEITTR,2024-10-04,3095.34,3095.34,3095.34,3095.34,0.0
MEITTR,2024-10-07,3061.79,3061.79,3061.79,3061.79,0.0
MEITTR,2024-10-08,3055.88,3055.88,3055.88,3055.88,0.0
MEITTR,2024-10-09,3028.67,3028.67,3028.67,3028.67,0.0
MEITTR,2024-10-10,3040.43,3040.43,3040.43,3040.43,0.0
MEITTR,2024-10-11,3047.72,3047.72,3047.72,3047.72,0.0
MEITTR,2024-10-14,3096.96,3096.96,3096.96,3096.96,0.0
MEITTR,2024-10-15,3119.62,3119.62,3119.62,3119.62,0.0
MEITTR,2024-10-16,3082.36,3082.36,3082.36,3082.36,0.0
MEITTR,2024-10-17,3051.41,3051.41,3051.41,3051.41,0.0
MEITTR,2024-10-18,3049.75,3049.75,3049.75,3049.75,0.0
MEITTR,2024-10-21,3059.53,3059.53,3059.53,3059.53,0.0
MEITTR,2024-10-22,3026.77,3026.77,3026.77,3026.77,0.0
MEITTR,2024-10-23,3020.16,3020.16,3020.16,3020.16,0.0
MEITTR,2024-10-24,3014.57,3014.57,3014.57,3014.57,0.0
MEITTR,2024-10-25,2904.99,2904.99,2904.99,2904.99,156995524176.8565
MEITTR,2024-10-28,2795.82,2795.82,2795.82,2795.82,151095277096.5974
MEITTR,2024-10-29,2819.12,2819.12,2819.12,2819.12,152354639374.168
MEITTR,2024-10-30,2832.71,2832.71,2832.71,2832.71,153089059610.0721
MEITTR,2024-10-31,2732.77,2732.77,2732.77,2732.77,0.0
MEITTR,2024-11-01,2757.36,2757.36,2757.36,2757.36,0.0
MEITTR,2024-11-02,2751.71,2751.71,2751.71,2751.71,0.0
MEITTR,2024-11-05,2762.66,2762.66,2762.66,2762.66,0.0
MEITTR,2024-11-06,2792.23,2792.23,2792.23,2792.23,0.0
MEITTR,2024-11-07,2825.7,2825.7,2825.7,2825.7,0.0
MEITTR,2024-11-08,2869.2,2869.2,2869.2,2869.2,0.0
MEITTR,2024-11-11,2943.11,2943.11,2943.11,2943.11,0.0
MEITTR,2024-11-12,2907.17,2907.17,2907.17,2907.17,0.0
MEITTR,2024-11-13,2930.67,2930.67,2930.67,2930.67,0.0
MEITTR,2024-11-14,2853.65,2853.65,2853.65,2853.65,0.0
MEITTR,2024-11-15,2897.94,2897.94,2897.94,2897.94,0.0
MEITTR,2024-11-18,2884.76,2884.76,2884.76,2884.76,0.0
MEITTR,2024-11-19,2784.51,2784.51,2784.51,2784.51,0.0
MEITTR,2024-11-20,2765.34,2765.34,2765.34,2765.34,0.0
MEITTR,2024-11-21,2669.24,2669.24,2669.24,2669.24,0.0
MEITTR,2024-11-22,2688.15,2688.15,2688.15,2688.15,0.0
MEITTR,2024-11-25,2615.58,2615.58,2615.58,2615.58,0.0
MEITTR,2024-11-26,2451.38,2451.38,2451.38,2451.38,0.0
MEITTR,2024-11-27,2483.73,2483.73,2483.73,2483.73,0.0
MEITTR,2024-11-28,2588.97,2588.97,2588.97,2588.97,0.0
MEITTR,2024-11-29,2589.41,2589.41,2589.41,2589.41,0.0
MEITTR,2024-12-02,2609.55,2609.55,2609.55,2609.55,0.0
MEITTR,2024-12-03,2509.82,2509.82,2509.82,2509.82,0.0
MEITTR,2024-12-04,2456.07,2456.07,2456.07,2456.07,0.0
MEITTR,2024-12-05,2504.52,2504.52,2504.52,2504.52,0.0
MEITTR,2024-12-06,2552.37,2552.37,2552.37,2552.37,0.0
MEITTR,2024-12-09,2606.7,2606.7,2606.7,2606.7,0.0
MEITTR,2024-12-10,2544.2,2544.2,2544.2,2544.2,0.0
MEITTR,2024-12-11,2527.94,2527.94,2527.94,2527.94,0.0
MEITTR,2024-12-12,2484.96,2484.96,2484.96,2484.96,0.0
MEITTR,2024-12-13,2485.38,2485.38,2485.38,2485.38,0.0
MEITTR,2024-12-16,2394.53,2394.53,2394.53,2394.53,0.0
MEITTR,2024-12-17,2392.06,2392.06,2392.06,2392.06,0.0
MEITTR,2024-12-18,2424.84,2424.84,2424.84,2424.84,0.0
MEITTR,2024-12-19,2424.16,2424.16,2424.16,2424.16,0.0
MEITTR,2024-12-20,2644.51,2644.51,2644.51,2644.51,0.0
MEITTR,2024-12-23,2683.46,2683.46,2683.46,2683.46,0.0
MEITTR,2024-12-24,2611.84,2611.84,2611.84,2611.84,0.0
MEITTR,2024-12-25,2625.75,2625.75,2625.75,2625.75,0.0
MEITTR,2024-12-26,2646.07,2646.07,2646.07,2646.07,0.0
MEITTR,2024-12-27,2621.51,2621.51,2621.51,2621.51,0.0
MEITTR,2024-12-28,2675.65,2675.65,2675.65,2675.65,0.0
MEITTR,2024-12-30,2774.03,2774.03,2774.03,2774.03,0.0
MEITTR,2025-01-03,2740.73,2740.73,2740.73,2740.73,0.0
MEITTR,2025-01-06,2737.97,2737.97,2737.97,2737.97,0.0
MEITTR,2025-01-08,2802.69,2802.69,2802.69,2802.69,0.0
MEITTR,2025-01-09,2720.58,2720.58,2720.58,2720.58,0.0
MEITTR,2025-01-10,2782.13,2782.13,2782.13,2782.13,0.0
MEITTR,2025-01-13,2814.72,2814.72,2814.72,2814.72,0.0
MEITTR,2025-01-14,2802.47,2802.47,2802.47,2802.47,0.0
MEITTR,2025-01-15,2838.94,2838.94,2838.94,2838.94,0.0
MEITTR,2025-01-16,2906.37,2906.37,2906.37,2906.37,0.0
MEITTR,2025-01-17,2946.24,2946.24,2946.24,2946.24,0.0
MEITTR,2025-01-20,2931.25,2931.25,2931.25,2931.25,0.0
MEITTR,2025-01-21,2880.02,2880.02,2880.02,2880.02,0.0
MEITTR,2025-01-22,2915.17,2915.17,2915.17,2915.17,0.0
MEITTR,2025-01-23,2866.64,2866.64,2866.64,2866.64,0.0
MEITTR,2025-01-24,2859.48,2859.48,2859.48,2859.48,0.0
MEITTR,2025-01-27,2818.37,2818.37,2818.37,2818.37,0.0
MEITTR,2025-01-28,2846.24,2846.24,2846.24,2846.24,0.0
MEITTR,2025-01-29,2872.78,2872.78,2872.78,2872.78,0.0
MEITTR,2025-01-30,2880.02,2880.02,2880.02,2880.02,0.0
MEITTR,2025-01-31,2855.19,2855.19,2855.19,2855.19,0.0
MEITTR,2025-02-03,2794.34,2794.34,2794.34,2794.34,0.0
MEITTR,2025-02-04,2754.34,2754.34,2754.34,2754.34,0.0
MEITTR,2025-02-05,2725.58,2725.58,2725.58,2725.58,0.0
MEITTR,2025-02-06,2754.08,2754.08,2754.08,2754.08,0.0
MEITTR,2025-02-07,2693.73,2693.73,2693.73,2693.73,0.0
MEITTR,2025-02-10,2675.8,2675.8,2675.8,2675.8,0.0
MEITTR,2025-02-11,2696.39,2696.39,2696.39,2696.39,0.0
MEITTR,2025-02-12,2699.31,2699.31,2699.31,2699.31,0.0
MEITTR,2025-02-13,2761.52,2761.52,2761.52,2761.52,0.0
MEITTR,2025-02-14,2746.39,2746.39,2746.39,2746.39,0.0
MEITTR,2025-02-17,2795.82,2795.82,2795.82,2795.82,0.0
MEITTR,2025-02-18,2749.91,2749.91,2749.91,2749.91,0.0
MEITTR,2025-02-19,2763.53,2763.53,2763.53,2763.53,0.0
MEITTR,2025-02-20,2789.33,2789.33,2789.33,2789.33,0.0
MEITTR,2025-02-21,2797.44,2797.44,2797.44,2797.44,0.0
MEITTR,2025-02-24,2848.33,2848.33,2848.33,2848.33,0.0
MEITTR,2025-02-25,2862.13,2862.13,2862.13,2862.13,0.0
MEITTR,2025-02-26,2809.64,2809.64,2809.64,2809.64,0.0
MEITTR,2025-02-27,2780.2,2780.2,2780.2,2780.2,0.0
MEITTR,2025-02-28,2766.88,2766.88,2766.88,2766.88,0.0
MEITTR,2025-03-03,2717.32,2717.32,2717.32,2717.32,0.0
MEITTR,2025-03-04,2804.7,2804.7,2804.7,2804.7,0.0
MEITTR,2025-03-05,2809.78,2809.78,2809.78,2809.78,0.0
MEITTR,2025-03-06,2765.85,2765.85,2765.85,2765.85,0.0
MEITTR,2025-03-07,2717.53,2717.53,2717.53,2717.53,137493340928.313
MEITTR,2025-03-10,2751.46,2751.46,2751.46,2751.46,139209534536.9321
MEITTR,2025-03-11,2747.64,2747.64,2747.64,2747.64,0.0
MEITTR,2025-03-12,2721.32,2721.32,2721.32,2721.32,0.0
MEITTR,2025-03-13,2662.54,2662.54,2662.54,2662.54,0.0
MEITTR,2025-03-14,2722.22,2722.22,2722.22,2722.22,137730009049.6907
MEITTR,2025-03-17,2766.52,2766.52,2766.52,2766.52,139971774613.0254
MEITTR,2025-03-18,2769.86,2769.86,2769.86,2769.86,0.0
MEITTR,2025-03-19,2754.6,2754.6,2754.6,2754.6,0.0
MEITTR,2025-03-20,2715.61,2715.61,2715.61,2715.61,0.0
MEITTR,2025-03-21,2655.47,2655.47,2655.47,2655.47,0.0
MEITTR,2025-03-24,2635.04,2635.04,2635.04,2635.04,0.0
MEITTR,2025-03-25,2615.11,2615.11,2615.11,2615.11,0.0
MEITTR,2025-03-26,2589.13,2589.13,2589.13,2589.13,0.0
MEITTR,2025-03-27,2525.79,2525.79,2525.79,2525.79,0.0
MEITTR,2025-03-28,2491.82,2491.82,2491.82,2491.82,0.0
MEITTR,2025-03-31,2525.59,2525.59,2525.59,2525.59,0.0
MEITTR,2025-04-01,2506.77,2506.77,2506.77,2506.77,0.0
MEITTR,2025-04-02,2480.3,2480.3,2480.3,2480.3,0.0
MEITTR,2025-04-03,2445.86,2445.86,2445.86,2445.86,0.0
MEITTR,2025-04-04,2387.98,2387.98,2387.98,2387.98,0.0
MEITTR,2025-04-07,2329.88,2329.88,2329.88,2329.88,0.0
MEITTR,2025-04-08,2333.28,2333.28,2333.28,2333.28,0.0
MEITTR,2025-04-09,2243.16,2243.16,2243.16,2243.16,0.0
MEITTR,2025-04-10,2328.81,2328.81,2328.81,2328.81,0.0
MEITTR,2025-04-11,2371.58,2371.58,2371.58,2371.58,0.0
