TRADEDATE,OPEN,CLOSE,LOW,HIGH,CAPITALIZATION,SECID
2017-12-29,1000.0,1000.0,1000.0,1000.0,,MRBCTR
2018-01-03,1022.19,1022.19,1022.19,1022.19,,MRBCTR
2018-01-04,1045.1,1045.1,1045.1,1045.1,,MRBCTR
2018-01-05,1051.28,1051.28,1051.28,1051.28,,MRBCTR
2018-01-09,1059.89,1059.89,1059.89,1059.89,,MRBCTR
2018-01-10,1063.13,1063.13,1063.13,1063.13,,MRBCTR
2018-01-11,1070.1,1070.1,1070.1,1070.1,,MRBCTR
2018-01-12,1078.51,1078.51,1078.51,1078.51,,MRBCTR
2018-01-15,1077.97,1077.97,1077.97,1077.97,,MRBCTR
2018-01-16,1074.49,1074.49,1074.49,1074.49,,MRBCTR
2018-01-17,1084.6,1084.6,1084.6,1084.6,,MRBCTR
2018-01-18,1093.85,1093.85,1093.85,1093.85,,MRBCTR
2018-01-19,1087.68,1087.68,1087.68,1087.68,,MRBCTR
2018-01-22,1098.87,1098.87,1098.87,1098.87,,MRBCTR
2018-01-23,1093.91,1093.91,1093.91,1093.91,,MRBCTR
2018-01-24,1099.88,1099.88,1099.88,1099.88,,MRBCTR
2018-01-25,1107.75,1107.75,1107.75,1107.75,,MRBCTR
2018-01-26,1094.24,1094.24,1094.24,1094.24,,MRBCTR
2018-01-29,1086.93,1086.93,1086.93,1086.93,,MRBCTR
2018-01-30,1086.1,1086.1,1086.1,1086.1,,MRBCTR
2018-01-31,1091.84,1091.84,1091.84,1091.84,,MRBCTR
2018-02-01,1098.51,1098.51,1098.51,1098.51,,MRBCTR
2018-02-02,1088.26,1088.26,1088.26,1088.26,,MRBCTR
2018-02-05,1084.26,1084.26,1084.26,1084.26,,MRBCTR
2018-02-06,1065.84,1065.84,1065.84,1065.84,,MRBCTR
2018-02-07,1074.64,1074.64,1074.64,1074.64,,MRBCTR
2018-02-08,1060.62,1060.62,1060.62,1060.62,,MRBCTR
2018-02-09,1046.06,1046.06,1046.06,1046.06,,MRBCTR
2018-02-12,1055.33,1055.33,1055.33,1055.33,,MRBCTR
2018-02-13,1070.59,1070.59,1070.59,1070.59,,MRBCTR
2018-02-14,1074.24,1074.24,1074.24,1074.24,,MRBCTR
2018-02-15,1077.92,1077.92,1077.92,1077.92,,MRBCTR
2018-02-16,1068.57,1068.57,1068.57,1068.57,,MRBCTR
2018-02-19,1067.68,1067.68,1067.68,1067.68,,MRBCTR
2018-02-20,1075.16,1075.16,1075.16,1075.16,,MRBCTR
2018-02-21,1102.11,1102.11,1102.11,1102.11,,MRBCTR
2018-02-22,1112.37,1112.37,1112.37,1112.37,,MRBCTR
2018-02-26,1121.44,1121.44,1121.44,1121.44,,MRBCTR
2018-02-27,1115.86,1115.86,1115.86,1115.86,,MRBCTR
2018-02-28,1090.39,1090.39,1090.39,1090.39,,MRBCTR
2018-03-01,1092.25,1092.25,1092.25,1092.25,,MRBCTR
2018-03-02,1088.95,1088.95,1088.95,1088.95,,MRBCTR
2018-03-05,1098.77,1098.77,1098.77,1098.77,,MRBCTR
2018-03-06,1095.73,1095.73,1095.73,1095.73,,MRBCTR
2018-03-07,1089.71,1089.71,1089.71,1089.71,,MRBCTR
2018-03-09,1100.02,1100.02,1100.02,1100.02,,MRBCTR
2018-03-12,1103.33,1103.33,1103.33,1103.33,,MRBCTR
2018-03-13,1102.04,1102.04,1102.04,1102.04,,MRBCTR
2018-03-14,1080.67,1080.67,1080.67,1080.67,,MRBCTR
2018-03-15,1082.09,1082.09,1082.09,1082.09,,MRBCTR
2018-03-16,1094.73,1094.73,1094.73,1094.73,,MRBCTR
2018-03-19,1089.32,1089.32,1089.32,1089.32,,MRBCTR
2018-03-20,1094.81,1094.81,1094.81,1094.81,,MRBCTR
2018-03-21,1101.48,1101.48,1101.48,1101.48,,MRBCTR
2018-03-22,1091.76,1091.76,1091.76,1091.76,,MRBCTR
2018-03-23,1091.69,1091.69,1091.69,1091.69,,MRBCTR
2018-03-26,1068.83,1068.83,1068.83,1068.83,,MRBCTR
2018-03-27,1079.16,1079.16,1079.16,1079.16,,MRBCTR
2018-03-28,1072.62,1072.62,1072.62,1072.62,,MRBCTR
2018-03-29,1084.11,1084.11,1084.11,1084.11,,MRBCTR
2018-03-30,1081.8,1081.8,1081.8,1081.8,,MRBCTR
2018-04-02,1075.01,1075.01,1075.01,1075.01,,MRBCTR
2018-04-03,1079.63,1079.63,1079.63,1079.63,,MRBCTR
2018-04-04,1080.58,1080.58,1080.58,1080.58,,MRBCTR
2018-04-05,1095.78,1095.78,1095.78,1095.78,,MRBCTR
2018-04-06,1089.99,1089.99,1089.99,1089.99,,MRBCTR
2018-04-09,1000.49,1000.49,1000.49,1000.49,,MRBCTR
2018-04-10,1043.58,1043.58,1043.58,1043.58,,MRBCTR
2018-04-11,1054.26,1054.26,1054.26,1054.26,,MRBCTR
2018-04-12,1065.52,1065.52,1065.52,1065.52,,MRBCTR
2018-04-13,1049.27,1049.27,1049.27,1049.27,,MRBCTR
2018-04-16,1034.04,1034.04,1034.04,1034.04,,MRBCTR
2018-04-17,1057.22,1057.22,1057.22,1057.22,,MRBCTR
2018-04-18,1081.23,1081.23,1081.23,1081.23,,MRBCTR
2018-04-19,1076.23,1076.23,1076.23,1076.23,,MRBCTR
2018-04-20,1076.33,1076.33,1076.33,1076.33,,MRBCTR
2018-04-23,1084.24,1084.24,1084.24,1084.24,,MRBCTR
2018-04-24,1086.09,1086.09,1086.09,1086.09,,MRBCTR
2018-04-25,1088.21,1088.21,1088.21,1088.21,,MRBCTR
2018-04-26,1105.77,1105.77,1105.77,1105.77,,MRBCTR
2018-04-27,1114.24,1114.24,1114.24,1114.24,,MRBCTR
2018-04-28,1110.9,1110.9,1110.9,1110.9,,MRBCTR
2018-04-30,1114.67,1114.67,1114.67,1114.67,,MRBCTR
2018-05-02,1116.57,1116.57,1116.57,1116.57,,MRBCTR
2018-05-03,1099.91,1099.91,1099.91,1099.91,,MRBCTR
2018-05-04,1108.19,1108.19,1108.19,1108.19,,MRBCTR
2018-05-07,1110.43,1110.43,1110.43,1110.43,,MRBCTR
2018-05-08,1114.12,1114.12,1114.12,1114.12,,MRBCTR
2018-05-10,1118.89,1118.89,1118.89,1118.89,,MRBCTR
2018-05-11,1135.15,1135.15,1135.15,1135.15,,MRBCTR
2018-05-14,1142.08,1142.08,1142.08,1142.08,,MRBCTR
2018-05-15,1132.97,1132.97,1132.97,1132.97,,MRBCTR
2018-05-16,1132.79,1132.79,1132.79,1132.79,,MRBCTR
2018-05-17,1125.74,1125.74,1125.74,1125.74,,MRBCTR
2018-05-18,1127.77,1127.77,1127.77,1127.77,,MRBCTR
2018-05-21,1131.22,1131.22,1131.22,1131.22,,MRBCTR
2018-05-22,1129.22,1129.22,1129.22,1129.22,,MRBCTR
2018-05-23,1113.27,1113.27,1113.27,1113.27,,MRBCTR
2018-05-24,1112.32,1112.32,1112.32,1112.32,,MRBCTR
2018-05-25,1122.15,1122.15,1122.15,1122.15,,MRBCTR
2018-05-28,1123.06,1123.06,1123.06,1123.06,,MRBCTR
2018-05-29,1119.37,1119.37,1119.37,1119.37,,MRBCTR
2018-05-30,1118.12,1118.12,1118.12,1118.12,,MRBCTR
2018-05-31,1121.55,1121.55,1121.55,1121.55,,MRBCTR
2018-06-01,1120.47,1120.47,1120.47,1120.47,,MRBCTR
2018-06-04,1134.84,1134.84,1134.84,1134.84,,MRBCTR
2018-06-05,1132.52,1132.52,1132.52,1132.52,,MRBCTR
2018-06-06,1130.13,1130.13,1130.13,1130.13,,MRBCTR
2018-06-07,1130.13,1130.13,1130.13,1130.13,,MRBCTR
2018-06-08,1105.18,1105.18,1105.18,1105.18,,MRBCTR
2018-06-09,1112.12,1112.12,1112.12,1112.12,,MRBCTR
2018-06-11,1107.19,1107.19,1107.19,1107.19,,MRBCTR
2018-06-13,1103.72,1103.72,1103.72,1103.72,,MRBCTR
2018-06-14,1094.5,1094.5,1094.5,1094.5,,MRBCTR
2018-06-15,1087.1,1087.1,1087.1,1087.1,,MRBCTR
2018-06-18,1081.76,1081.76,1081.76,1081.76,,MRBCTR
2018-06-19,1084.42,1084.42,1084.42,1084.42,,MRBCTR
2018-06-20,1103.64,1103.64,1103.64,1103.64,,MRBCTR
2018-06-21,1098.7,1098.7,1098.7,1098.7,,MRBCTR
2018-06-22,1099.75,1099.75,1099.75,1099.75,,MRBCTR
2018-06-25,1104.39,1104.39,1104.39,1104.39,,MRBCTR
2018-06-26,1101.08,1101.08,1101.08,1101.08,,MRBCTR
2018-06-27,1112.07,1112.07,1112.07,1112.07,,MRBCTR
2018-06-28,1111.4,1111.4,1111.4,1111.4,,MRBCTR
2018-06-29,1135.88,1135.88,1135.88,1135.88,,MRBCTR
2018-07-02,1149.34,1149.34,1149.34,1149.34,,MRBCTR
2018-07-03,1140.5,1140.5,1140.5,1140.5,,MRBCTR
2018-07-04,1141.44,1141.44,1141.44,1141.44,,MRBCTR
2018-07-05,1166.21,1166.21,1166.21,1166.21,,MRBCTR
2018-07-06,1167.0,1167.0,1167.0,1167.0,,MRBCTR
2018-07-09,1180.65,1180.65,1180.65,1180.65,,MRBCTR
2018-07-10,1181.83,1181.83,1181.83,1181.83,,MRBCTR
2018-07-11,1166.52,1166.52,1166.52,1166.52,,MRBCTR
2018-07-12,1161.06,1161.06,1161.06,1161.06,,MRBCTR
2018-07-13,1173.32,1173.32,1173.32,1173.32,,MRBCTR
2018-07-16,1169.38,1169.38,1169.38,1169.38,,MRBCTR
2018-07-17,1155.83,1155.83,1155.83,1155.83,,MRBCTR
2018-07-18,1158.54,1158.54,1158.54,1158.54,,MRBCTR
2018-07-19,1145.8,1145.8,1145.8,1145.8,,MRBCTR
2018-07-20,1134.1,1134.1,1134.1,1134.1,,MRBCTR
2018-07-23,1139.42,1139.42,1139.42,1139.42,,MRBCTR
2018-07-24,1147.91,1147.91,1147.91,1147.91,,MRBCTR
2018-07-25,1151.37,1151.37,1151.37,1151.37,,MRBCTR
2018-07-26,1157.37,1157.37,1157.37,1157.37,,MRBCTR
2018-07-27,1158.71,1158.71,1158.71,1158.71,,MRBCTR
2018-07-30,1161.22,1161.22,1161.22,1161.22,,MRBCTR
2018-07-31,1175.22,1175.22,1175.22,1175.22,,MRBCTR
2018-08-01,1172.88,1172.88,1172.88,1172.88,,MRBCTR
2018-08-02,1163.74,1163.74,1163.74,1163.74,,MRBCTR
2018-08-03,1164.28,1164.28,1164.28,1164.28,,MRBCTR
2018-08-06,1165.56,1165.56,1165.56,1165.56,,MRBCTR
2018-08-07,1172.87,1172.87,1172.87,1172.87,,MRBCTR
2018-08-08,1164.15,1164.15,1164.15,1164.15,,MRBCTR
2018-08-09,1173.12,1173.12,1173.12,1173.12,,MRBCTR
2018-08-10,1158.66,1158.66,1158.66,1158.66,,MRBCTR
2018-08-13,1167.0,1167.0,1167.0,1167.0,,MRBCTR
2018-08-14,1166.09,1166.09,1166.09,1166.09,,MRBCTR
2018-08-15,1157.65,1157.65,1157.65,1157.65,,MRBCTR
2018-08-16,1153.75,1153.75,1153.75,1153.75,,MRBCTR
2018-08-17,1150.9,1150.9,1150.9,1150.9,,MRBCTR
2018-08-20,1159.74,1159.74,1159.74,1159.74,,MRBCTR
2018-08-21,1169.55,1169.55,1169.55,1169.55,,MRBCTR
2018-08-22,1173.49,1173.49,1173.49,1173.49,,MRBCTR
2018-08-23,1154.58,1154.58,1154.58,1154.58,,MRBCTR
2018-08-24,1166.44,1166.44,1166.44,1166.44,,MRBCTR
2018-08-27,1185.65,1185.65,1185.65,1185.65,,MRBCTR
2018-08-28,1187.72,1187.72,1187.72,1187.72,,MRBCTR
2018-08-29,1204.49,1204.49,1204.49,1204.49,,MRBCTR
2018-08-30,1195.1,1195.1,1195.1,1195.1,,MRBCTR
2018-08-31,1200.6,1200.6,1200.6,1200.6,,MRBCTR
2018-09-03,1200.65,1200.65,1200.65,1200.65,,MRBCTR
2018-09-04,1197.97,1197.97,1197.97,1197.97,,MRBCTR
2018-09-05,1191.41,1191.41,1191.41,1191.41,,MRBCTR
2018-09-06,1194.73,1194.73,1194.73,1194.73,,MRBCTR
2018-09-07,1195.49,1195.49,1195.49,1195.49,,MRBCTR
2018-09-10,1202.13,1202.13,1202.13,1202.13,,MRBCTR
2018-09-11,1202.17,1202.17,1202.17,1202.17,,MRBCTR
2018-09-12,1203.86,1203.86,1203.86,1203.86,,MRBCTR
2018-09-13,1211.3,1211.3,1211.3,1211.3,,MRBCTR
2018-09-14,1210.8,1210.8,1210.8,1210.8,,MRBCTR
2018-09-17,1216.04,1216.04,1216.04,1216.04,,MRBCTR
2018-09-18,1233.24,1233.24,1233.24,1233.24,,MRBCTR
2018-09-19,1232.35,1232.35,1232.35,1232.35,,MRBCTR
2018-09-20,1230.17,1230.17,1230.17,1230.17,,MRBCTR
2018-09-21,1243.2,1243.2,1243.2,1243.2,,MRBCTR
2018-09-24,1246.2,1246.2,1246.2,1246.2,,MRBCTR
2018-09-25,1255.65,1255.65,1255.65,1255.65,,MRBCTR
2018-09-26,1246.35,1246.35,1246.35,1246.35,,MRBCTR
2018-09-27,1271.48,1271.48,1271.48,1271.48,,MRBCTR
2018-09-28,1280.04,1280.04,1280.04,1280.04,,MRBCTR
2018-10-01,1278.56,1278.56,1278.56,1278.56,,MRBCTR
2018-10-02,1264.95,1264.95,1264.95,1264.95,,MRBCTR
2018-10-03,1290.17,1290.17,1290.17,1290.17,,MRBCTR
2018-10-04,1276.01,1276.01,1276.01,1276.01,,MRBCTR
2018-10-05,1268.95,1268.95,1268.95,1268.95,,MRBCTR
2018-10-08,1273.08,1273.08,1273.08,1273.08,,MRBCTR
2018-10-09,1267.17,1267.17,1267.17,1267.17,,MRBCTR
2018-10-10,1254.56,1254.56,1254.56,1254.56,,MRBCTR
2018-10-11,1228.01,1228.01,1228.01,1228.01,,MRBCTR
2018-10-12,1250.11,1250.11,1250.11,1250.11,,MRBCTR
2018-10-15,1244.45,1244.45,1244.45,1244.45,,MRBCTR
2018-10-16,1258.75,1258.75,1258.75,1258.75,,MRBCTR
2018-10-17,1254.37,1254.37,1254.37,1254.37,,MRBCTR
2018-10-18,1235.96,1235.96,1235.96,1235.96,,MRBCTR
2018-10-19,1217.71,1217.71,1217.71,1217.71,,MRBCTR
2018-10-22,1198.06,1198.06,1198.06,1198.06,,MRBCTR
2018-10-23,1196.03,1196.03,1196.03,1196.03,,MRBCTR
2018-10-24,1210.69,1210.69,1210.69,1210.69,,MRBCTR
2018-10-25,1209.63,1209.63,1209.63,1209.63,,MRBCTR
2018-10-26,1187.58,1187.58,1187.58,1187.58,,MRBCTR
2018-10-29,1201.32,1201.32,1201.32,1201.32,,MRBCTR
2018-10-30,1189.77,1189.77,1189.77,1189.77,,MRBCTR
2018-10-31,1218.76,1218.76,1218.76,1218.76,,MRBCTR
2018-11-01,1224.48,1224.48,1224.48,1224.48,,MRBCTR
2018-11-02,1235.25,1235.25,1235.25,1235.25,,MRBCTR
2018-11-06,1253.7,1253.7,1253.7,1253.7,,MRBCTR
2018-11-07,1272.85,1272.85,1272.85,1272.85,,MRBCTR
2018-11-08,1268.81,1268.81,1268.81,1268.81,,MRBCTR
2018-11-09,1247.93,1247.93,1247.93,1247.93,,MRBCTR
2018-11-12,1242.1,1242.1,1242.1,1242.1,,MRBCTR
2018-11-13,1231.3,1231.3,1231.3,1231.3,,MRBCTR
2018-11-14,1232.82,1232.82,1232.82,1232.82,,MRBCTR
2018-11-15,1234.25,1234.25,1234.25,1234.25,,MRBCTR
2018-11-16,1230.17,1230.17,1230.17,1230.17,,MRBCTR
2018-11-19,1232.57,1232.57,1232.57,1232.57,,MRBCTR
2018-11-20,1214.74,1214.74,1214.74,1214.74,,MRBCTR
2018-11-21,1223.38,1223.38,1223.38,1223.38,,MRBCTR
2018-11-22,1227.45,1227.45,1227.45,1227.45,,MRBCTR
2018-11-23,1211.93,1211.93,1211.93,1211.93,,MRBCTR
2018-11-26,1193.49,1193.49,1193.49,1193.49,,MRBCTR
2018-11-27,1212.4,1212.4,1212.4,1212.4,,MRBCTR
2018-11-28,1239.82,1239.82,1239.82,1239.82,,MRBCTR
2018-11-29,1248.94,1248.94,1248.94,1248.94,,MRBCTR
2018-11-30,1241.84,1241.84,1241.84,1241.84,,MRBCTR
2018-12-03,1271.42,1271.42,1271.42,1271.42,,MRBCTR
2018-12-04,1271.16,1271.16,1271.16,1271.16,,MRBCTR
2018-12-05,1273.87,1273.87,1273.87,1273.87,,MRBCTR
2018-12-06,1254.63,1254.63,1254.63,1254.63,,MRBCTR
2018-12-07,1265.47,1265.47,1265.47,1265.47,,MRBCTR
2018-12-10,1245.64,1245.64,1245.64,1245.64,,MRBCTR
2018-12-11,1244.12,1244.12,1244.12,1244.12,,MRBCTR
2018-12-12,1231.9,1231.9,1231.9,1231.9,,MRBCTR
2018-12-13,1238.68,1238.68,1238.68,1238.68,,MRBCTR
2018-12-14,1233.35,1233.35,1233.35,1233.35,,MRBCTR
2018-12-17,1230.47,1230.47,1230.47,1230.47,,MRBCTR
2018-12-18,1225.34,1225.34,1225.34,1225.34,,MRBCTR
2018-12-19,1229.74,1229.74,1229.74,1229.74,,MRBCTR
2018-12-20,1230.83,1230.83,1230.83,1230.83,,MRBCTR
2018-12-21,1226.0,1226.0,1226.0,1226.0,,MRBCTR
2018-12-24,1210.91,1210.91,1210.91,1210.91,,MRBCTR
2018-12-25,1193.21,1193.21,1193.21,1193.21,,MRBCTR
2018-12-26,1204.63,1204.63,1204.63,1204.63,,MRBCTR
2018-12-27,1214.48,1214.48,1214.48,1214.48,,MRBCTR
2018-12-28,1232.22,1232.22,1232.22,1232.22,,MRBCTR
2018-12-29,1236.77,1236.77,1236.77,1236.77,,MRBCTR
2019-01-03,1238.32,1238.32,1238.32,1238.32,,MRBCTR
2019-01-04,1257.71,1257.71,1257.71,1257.71,,MRBCTR
2019-01-08,1252.87,1252.87,1252.87,1252.87,,MRBCTR
2019-01-09,1265.15,1265.15,1265.15,1265.15,,MRBCTR
2019-01-10,1276.65,1276.65,1276.65,1276.65,,MRBCTR
2019-01-11,1280.4,1280.4,1280.4,1280.4,,MRBCTR
2019-01-14,1277.41,1277.41,1277.41,1277.41,,MRBCTR
2019-01-15,1276.99,1276.99,1276.99,1276.99,,MRBCTR
2019-01-16,1273.0,1273.0,1273.0,1273.0,,MRBCTR
2019-01-17,1279.64,1279.64,1279.64,1279.64,,MRBCTR
2019-01-18,1293.89,1293.89,1293.89,1293.89,,MRBCTR
2019-01-21,1289.91,1289.91,1289.91,1289.91,,MRBCTR
2019-01-22,1290.73,1290.73,1290.73,1290.73,,MRBCTR
2019-01-23,1303.69,1303.69,1303.69,1303.69,,MRBCTR
2019-01-24,1297.99,1297.99,1297.99,1297.99,,MRBCTR
2019-01-25,1307.26,1307.26,1307.26,1307.26,,MRBCTR
2019-01-28,1295.36,1295.36,1295.36,1295.36,,MRBCTR
2019-01-29,1307.16,1307.16,1307.16,1307.16,,MRBCTR
2019-01-30,1316.78,1316.78,1316.78,1316.78,,MRBCTR
2019-01-31,1321.22,1321.22,1321.22,1321.22,,MRBCTR
2019-02-01,1320.38,1320.38,1320.38,1320.38,,MRBCTR
2019-02-04,1321.04,1321.04,1321.04,1321.04,,MRBCTR
2019-02-05,1334.58,1334.58,1334.58,1334.58,,MRBCTR
2019-02-06,1329.36,1329.36,1329.36,1329.36,,MRBCTR
2019-02-07,1315.17,1315.17,1315.17,1315.17,,MRBCTR
2019-02-08,1310.8,1310.8,1310.8,1310.8,,MRBCTR
2019-02-11,1313.74,1313.74,1313.74,1313.74,,MRBCTR
2019-02-12,1326.12,1326.12,1326.12,1326.12,,MRBCTR
2019-02-13,1299.28,1299.28,1299.28,1299.28,,MRBCTR
2019-02-14,1285.9,1285.9,1285.9,1285.9,,MRBCTR
2019-02-15,1301.36,1301.36,1301.36,1301.36,,MRBCTR
2019-02-18,1290.87,1290.87,1290.87,1290.87,,MRBCTR
2019-02-19,1284.43,1284.43,1284.43,1284.43,,MRBCTR
2019-02-20,1304.09,1304.09,1304.09,1304.09,,MRBCTR
2019-02-21,1293.33,1293.33,1293.33,1293.33,,MRBCTR
2019-02-22,1302.96,1302.96,1302.96,1302.96,,MRBCTR
2019-02-25,1307.27,1307.27,1307.27,1307.27,,MRBCTR
2019-02-26,1304.22,1304.22,1304.22,1304.22,,MRBCTR
2019-02-27,1301.63,1301.63,1301.63,1301.63,,MRBCTR
2019-02-28,1296.63,1296.63,1296.63,1296.63,,MRBCTR
2019-03-01,1294.06,1294.06,1294.06,1294.06,,MRBCTR
2019-03-04,1291.62,1291.62,1291.62,1291.62,,MRBCTR
2019-03-05,1286.74,1286.74,1286.74,1286.74,,MRBCTR
2019-03-06,1304.12,1304.12,1304.12,1304.12,,MRBCTR
2019-03-07,1293.48,1293.48,1293.48,1293.48,,MRBCTR
2019-03-11,1287.89,1287.89,1287.89,1287.89,,MRBCTR
2019-03-12,1289.52,1289.52,1289.52,1289.52,,MRBCTR
2019-03-13,1287.09,1287.09,1287.09,1287.09,,MRBCTR
2019-03-14,1279.86,1279.86,1279.86,1279.86,,MRBCTR
2019-03-15,1290.65,1290.65,1290.65,1290.65,,MRBCTR
2019-03-18,1294.61,1294.61,1294.61,1294.61,,MRBCTR
2019-03-19,1299.87,1299.87,1299.87,1299.87,,MRBCTR
2019-03-20,1305.68,1305.68,1305.68,1305.68,,MRBCTR
2019-03-21,1308.98,1308.98,1308.98,1308.98,,MRBCTR
2019-03-22,1300.17,1300.17,1300.17,1300.17,,MRBCTR
2019-03-25,1303.28,1303.28,1303.28,1303.28,,MRBCTR
2019-03-26,1310.03,1310.03,1310.03,1310.03,,MRBCTR
2019-03-27,1294.01,1294.01,1294.01,1294.01,,MRBCTR
2019-03-28,1294.57,1294.57,1294.57,1294.57,,MRBCTR
2019-03-29,1298.14,1298.14,1298.14,1298.14,,MRBCTR
2019-04-01,1310.75,1310.75,1310.75,1310.75,,MRBCTR
2019-04-02,1314.15,1314.15,1314.15,1314.15,,MRBCTR
2019-04-03,1319.24,1319.24,1319.24,1319.24,,MRBCTR
2019-04-04,1322.64,1322.64,1322.64,1322.64,,MRBCTR
2019-04-05,1326.19,1326.19,1326.19,1326.19,,MRBCTR
2019-04-08,1336.87,1336.87,1336.87,1336.87,,MRBCTR
2019-04-09,1343.3,1343.3,1343.3,1343.3,,MRBCTR
2019-04-10,1347.85,1347.85,1347.85,1347.85,,MRBCTR
2019-04-11,1334.8,1334.8,1334.8,1334.8,,MRBCTR
2019-04-12,1340.05,1340.05,1340.05,1340.05,,MRBCTR
2019-04-15,1332.48,1332.48,1332.48,1332.48,,MRBCTR
2019-04-16,1341.3,1341.3,1341.3,1341.3,,MRBCTR
2019-04-17,1346.91,1346.91,1346.91,1346.91,,MRBCTR
2019-04-18,1342.15,1342.15,1342.15,1342.15,,MRBCTR
2019-04-19,1343.59,1343.59,1343.59,1343.59,,MRBCTR
2019-04-22,1355.05,1355.05,1355.05,1355.05,,MRBCTR
2019-04-23,1357.35,1357.35,1357.35,1357.35,,MRBCTR
2019-04-24,1352.7,1352.7,1352.7,1352.7,,MRBCTR
2019-04-25,1345.79,1345.79,1345.79,1345.79,,MRBCTR
2019-04-26,1350.07,1350.07,1350.07,1350.07,,MRBCTR
2019-04-29,1351.91,1351.91,1351.91,1351.91,,MRBCTR
2019-04-30,1346.53,1346.53,1346.53,1346.53,,MRBCTR
2019-05-02,1354.09,1354.09,1354.09,1354.09,,MRBCTR
2019-05-03,1359.01,1359.01,1359.01,1359.01,,MRBCTR
2019-05-06,1359.61,1359.61,1359.61,1359.61,,MRBCTR
2019-05-07,1350.06,1350.06,1350.06,1350.06,,MRBCTR
2019-05-08,1340.13,1340.13,1340.13,1340.13,,MRBCTR
2019-05-10,1324.59,1324.59,1324.59,1324.59,,MRBCTR
2019-05-13,1322.16,1322.16,1322.16,1322.16,,MRBCTR
2019-05-14,1351.12,1351.12,1351.12,1351.12,,MRBCTR
2019-05-15,1346.32,1346.32,1346.32,1346.32,,MRBCTR
2019-05-16,1359.83,1359.83,1359.83,1359.83,,MRBCTR
2019-05-17,1358.1,1358.1,1358.1,1358.1,,MRBCTR
2019-05-20,1354.39,1354.39,1354.39,1354.39,,MRBCTR
2019-05-21,1380.31,1380.31,1380.31,1380.31,,MRBCTR
2019-05-22,1394.2,1394.2,1394.2,1394.2,,MRBCTR
2019-05-23,1384.04,1384.04,1384.04,1384.04,,MRBCTR
2019-05-24,1383.02,1383.02,1383.02,1383.02,,MRBCTR
2019-05-27,1392.37,1392.37,1392.37,1392.37,,MRBCTR
2019-05-28,1379.0,1379.0,1379.0,1379.0,,MRBCTR
2019-05-29,1397.03,1397.03,1397.03,1397.03,,MRBCTR
2019-05-30,1408.73,1408.73,1408.73,1408.73,,MRBCTR
2019-05-31,1411.77,1411.77,1411.77,1411.77,,MRBCTR
2019-06-03,1447.44,1447.44,1447.44,1447.44,,MRBCTR
2019-06-04,1433.95,1433.95,1433.95,1433.95,,MRBCTR
2019-06-05,1430.25,1430.25,1430.25,1430.25,,MRBCTR
2019-06-06,1443.02,1443.02,1443.02,1443.02,,MRBCTR
2019-06-07,1442.8,1442.8,1442.8,1442.8,,MRBCTR
2019-06-10,1450.03,1450.03,1450.03,1450.03,,MRBCTR
2019-06-11,1471.54,1471.54,1471.54,1471.54,,MRBCTR
2019-06-13,1475.64,1475.64,1475.64,1475.64,,MRBCTR
2019-06-14,1465.98,1465.98,1465.98,1465.98,,MRBCTR
2019-06-17,1462.75,1462.75,1462.75,1462.75,,MRBCTR
2019-06-18,1479.04,1479.04,1479.04,1479.04,,MRBCTR
2019-06-19,1476.42,1476.42,1476.42,1476.42,,MRBCTR
2019-06-20,1495.39,1495.39,1495.39,1495.39,,MRBCTR
2019-06-21,1486.27,1486.27,1486.27,1486.27,,MRBCTR
2019-06-24,1484.0,1484.0,1484.0,1484.0,,MRBCTR
2019-06-25,1477.89,1477.89,1477.89,1477.89,,MRBCTR
2019-06-26,1492.57,1492.57,1492.57,1492.57,,MRBCTR
2019-06-27,1494.64,1494.64,1494.64,1494.64,,MRBCTR
2019-06-28,1489.33,1489.33,1489.33,1489.33,,MRBCTR
2019-07-01,1504.54,1504.54,1504.54,1504.54,,MRBCTR
2019-07-02,1508.75,1508.75,1508.75,1508.75,,MRBCTR
2019-07-03,1515.17,1515.17,1515.17,1515.17,,MRBCTR
2019-07-04,1527.43,1527.43,1527.43,1527.43,,MRBCTR
2019-07-05,1524.14,1524.14,1524.14,1524.14,,MRBCTR
2019-07-08,1525.76,1525.76,1525.76,1525.76,,MRBCTR
2019-07-09,1527.92,1527.92,1527.92,1527.92,,MRBCTR
2019-07-10,1528.58,1528.58,1528.58,1528.58,,MRBCTR
2019-07-11,1511.59,1511.59,1511.59,1511.59,,MRBCTR
2019-07-12,1504.71,1504.71,1504.71,1504.71,,MRBCTR
2019-07-15,1492.24,1492.24,1492.24,1492.24,,MRBCTR
2019-07-16,1495.04,1495.04,1495.04,1495.04,,MRBCTR
2019-07-17,1497.52,1497.52,1497.52,1497.52,,MRBCTR
2019-07-18,1492.41,1492.41,1492.41,1492.41,,MRBCTR
2019-07-19,1492.81,1492.81,1492.81,1492.81,,MRBCTR
2019-07-22,1483.34,1483.34,1483.34,1483.34,,MRBCTR
2019-07-23,1493.97,1493.97,1493.97,1493.97,,MRBCTR
2019-07-24,1484.91,1484.91,1484.91,1484.91,,MRBCTR
2019-07-25,1492.87,1492.87,1492.87,1492.87,,MRBCTR
2019-07-26,1501.88,1501.88,1501.88,1501.88,,MRBCTR
2019-07-29,1506.37,1506.37,1506.37,1506.37,,MRBCTR
2019-07-30,1510.49,1510.49,1510.49,1510.49,,MRBCTR
2019-07-31,1514.68,1514.68,1514.68,1514.68,,MRBCTR
2019-08-01,1509.88,1509.88,1509.88,1509.88,,MRBCTR
2019-08-02,1475.98,1475.98,1475.98,1475.98,,MRBCTR
2019-08-05,1459.48,1459.48,1459.48,1459.48,,MRBCTR
2019-08-06,1480.39,1480.39,1480.39,1480.39,,MRBCTR
2019-08-07,1475.07,1475.07,1475.07,1475.07,,MRBCTR
2019-08-08,1489.54,1489.54,1489.54,1489.54,,MRBCTR
2019-08-09,1477.2,1477.2,1477.2,1477.2,,MRBCTR
2019-08-12,1482.39,1482.39,1482.39,1482.39,,MRBCTR
2019-08-13,1478.02,1478.02,1478.02,1478.02,,MRBCTR
2019-08-14,1451.63,1451.63,1451.63,1451.63,,MRBCTR
2019-08-15,1445.15,1445.15,1445.15,1445.15,,MRBCTR
2019-08-16,1440.91,1440.91,1440.91,1440.91,,MRBCTR
2019-08-19,1458.88,1458.88,1458.88,1458.88,,MRBCTR
2019-08-20,1476.16,1476.16,1476.16,1476.16,,MRBCTR
2019-08-21,1477.08,1477.08,1477.08,1477.08,,MRBCTR
2019-08-22,1479.07,1479.07,1479.07,1479.07,,MRBCTR
2019-08-23,1469.62,1469.62,1469.62,1469.62,,MRBCTR
2019-08-26,1467.38,1467.38,1467.38,1467.38,,MRBCTR
2019-08-27,1464.17,1464.17,1464.17,1464.17,,MRBCTR
2019-08-28,1474.45,1474.45,1474.45,1474.45,,MRBCTR
2019-08-29,1494.91,1494.91,1494.91,1494.91,,MRBCTR
2019-08-30,1513.46,1513.46,1513.46,1513.46,,MRBCTR
2019-09-02,1535.64,1535.64,1535.64,1535.64,,MRBCTR
2019-09-03,1534.75,1534.75,1534.75,1534.75,,MRBCTR
2019-09-04,1545.57,1545.57,1545.57,1545.57,,MRBCTR
2019-09-05,1554.0,1554.0,1554.0,1554.0,,MRBCTR
2019-09-06,1547.66,1547.66,1547.66,1547.66,,MRBCTR
2019-09-09,1539.98,1539.98,1539.98,1539.98,,MRBCTR
2019-09-10,1538.89,1538.89,1538.89,1538.89,,MRBCTR
2019-09-11,1555.19,1555.19,1555.19,1555.19,,MRBCTR
2019-09-12,1542.64,1542.64,1542.64,1542.64,,MRBCTR
2019-09-13,1534.22,1534.22,1534.22,1534.22,,MRBCTR
2019-09-16,1563.64,1563.64,1563.64,1563.64,,MRBCTR
2019-09-17,1556.33,1556.33,1556.33,1556.33,,MRBCTR
2019-09-18,1555.73,1555.73,1555.73,1555.73,,MRBCTR
2019-09-19,1542.34,1542.34,1542.34,1542.34,,MRBCTR
2019-09-20,1544.61,1544.61,1544.61,1544.61,,MRBCTR
2019-09-23,1541.07,1541.07,1541.07,1541.07,,MRBCTR
2019-09-24,1521.83,1521.83,1521.83,1521.83,,MRBCTR
2019-09-25,1527.04,1527.04,1527.04,1527.04,,MRBCTR
2019-09-26,1538.82,1538.82,1538.82,1538.82,,MRBCTR
2019-09-27,1531.35,1531.35,1531.35,1531.35,,MRBCTR
2019-09-30,1524.25,1524.25,1524.25,1524.25,,MRBCTR
2019-10-01,1533.56,1533.56,1533.56,1533.56,,MRBCTR
2019-10-02,1512.23,1512.23,1512.23,1512.23,,MRBCTR
2019-10-03,1504.46,1504.46,1504.46,1504.46,,MRBCTR
2019-10-04,1502.28,1502.28,1502.28,1502.28,,MRBCTR
2019-10-07,1517.51,1517.51,1517.51,1517.51,,MRBCTR
2019-10-08,1510.91,1510.91,1510.91,1510.91,,MRBCTR
2019-10-09,1516.15,1516.15,1516.15,1516.15,,MRBCTR
2019-10-10,1525.48,1525.48,1525.48,1525.48,,MRBCTR
2019-10-11,1514.25,1514.25,1514.25,1514.25,,MRBCTR
2019-10-14,1509.09,1509.09,1509.09,1509.09,,MRBCTR
2019-10-15,1519.89,1519.89,1519.89,1519.89,,MRBCTR
2019-10-16,1535.57,1535.57,1535.57,1535.57,,MRBCTR
2019-10-17,1535.74,1535.74,1535.74,1535.74,,MRBCTR
2019-10-18,1536.88,1536.88,1536.88,1536.88,,MRBCTR
2019-10-21,1543.16,1543.16,1543.16,1543.16,,MRBCTR
2019-10-22,1567.75,1567.75,1567.75,1567.75,,MRBCTR
2019-10-23,1578.72,1578.72,1578.72,1578.72,,MRBCTR
2019-10-24,1614.59,1614.59,1614.59,1614.59,,MRBCTR
2019-10-25,1612.92,1612.92,1612.92,1612.92,,MRBCTR
2019-10-28,1608.09,1608.09,1608.09,1608.09,,MRBCTR
2019-10-29,1625.26,1625.26,1625.26,1625.26,,MRBCTR
2019-10-30,1639.65,1639.65,1639.65,1639.65,,MRBCTR
2019-10-31,1627.17,1627.17,1627.17,1627.17,,MRBCTR
2019-11-01,1650.53,1650.53,1650.53,1650.53,,MRBCTR
2019-11-05,1662.67,1662.67,1662.67,1662.67,,MRBCTR
2019-11-06,1679.67,1679.67,1679.67,1679.67,,MRBCTR
2019-11-07,1698.39,1698.39,1698.39,1698.39,,MRBCTR
2019-11-08,1676.53,1676.53,1676.53,1676.53,,MRBCTR
2019-11-11,1667.14,1667.14,1667.14,1667.14,,MRBCTR
2019-11-12,1659.72,1659.72,1659.72,1659.72,,MRBCTR
2019-11-13,1648.44,1648.44,1648.44,1648.44,,MRBCTR
2019-11-14,1642.32,1642.32,1642.32,1642.32,,MRBCTR
2019-11-15,1652.07,1652.07,1652.07,1652.07,,MRBCTR
2019-11-18,1647.21,1647.21,1647.21,1647.21,,MRBCTR
2019-11-19,1658.32,1658.32,1658.32,1658.32,,MRBCTR
2019-11-20,1654.87,1654.87,1654.87,1654.87,,MRBCTR
2019-11-21,1659.94,1659.94,1659.94,1659.94,,MRBCTR
2019-11-22,1662.27,1662.27,1662.27,1662.27,,MRBCTR
2019-11-25,1667.02,1667.02,1667.02,1667.02,,MRBCTR
2019-11-26,1651.18,1651.18,1651.18,1651.18,,MRBCTR
2019-11-27,1649.06,1649.06,1649.06,1649.06,,MRBCTR
2019-11-28,1648.1,1648.1,1648.1,1648.1,,MRBCTR
2019-11-29,1652.43,1652.43,1652.43,1652.43,,MRBCTR
2019-12-02,1643.09,1643.09,1643.09,1643.09,,MRBCTR
2019-12-03,1622.75,1622.75,1622.75,1622.75,,MRBCTR
2019-12-04,1633.5,1633.5,1633.5,1633.5,,MRBCTR
2019-12-05,1632.48,1632.48,1632.48,1632.48,,MRBCTR
2019-12-06,1649.99,1649.99,1649.99,1649.99,,MRBCTR
2019-12-09,1661.65,1661.65,1661.65,1661.65,,MRBCTR
2019-12-10,1655.56,1655.56,1655.56,1655.56,,MRBCTR
2019-12-11,1667.48,1667.48,1667.48,1667.48,,MRBCTR
2019-12-12,1686.54,1686.54,1686.54,1686.54,,MRBCTR
2019-12-13,1696.71,1696.71,1696.71,1696.71,,MRBCTR
2019-12-16,1704.61,1704.61,1704.61,1704.61,,MRBCTR
2019-12-17,1706.27,1706.27,1706.27,1706.27,,MRBCTR
2019-12-18,1712.8,1712.8,1712.8,1712.8,,MRBCTR
2019-12-19,1712.73,1712.73,1712.73,1712.73,,MRBCTR
2019-12-20,1719.11,1719.11,1719.11,1719.11,,MRBCTR
2019-12-23,1728.19,1728.19,1728.19,1728.19,,MRBCTR
2019-12-24,1725.44,1725.44,1725.44,1725.44,,MRBCTR
2019-12-25,1727.19,1727.19,1727.19,1727.19,,MRBCTR
2019-12-26,1729.99,1729.99,1729.99,1729.99,,MRBCTR
2019-12-27,1742.55,1742.55,1742.55,1742.55,,MRBCTR
2019-12-30,1737.62,1737.62,1737.62,1737.62,,MRBCTR
2020-01-03,1755.07,1755.07,1755.07,1755.07,,MRBCTR
2020-01-06,1756.28,1756.28,1756.28,1756.28,,MRBCTR
2020-01-08,1776.09,1776.09,1776.09,1776.09,,MRBCTR
2020-01-09,1784.65,1784.65,1784.65,1784.65,,MRBCTR
2020-01-10,1785.47,1785.47,1785.47,1785.47,,MRBCTR
2020-01-13,1799.99,1799.99,1799.99,1799.99,,MRBCTR
2020-01-14,1781.88,1781.88,1781.88,1781.88,,MRBCTR
2020-01-15,1784.44,1784.44,1784.44,1784.44,,MRBCTR
2020-01-16,1801.4,1801.4,1801.4,1801.4,,MRBCTR
2020-01-17,1824.54,1824.54,1824.54,1824.54,,MRBCTR
2020-01-20,1837.98,1837.98,1837.98,1837.98,,MRBCTR
2020-01-21,1828.5,1828.5,1828.5,1828.5,,MRBCTR
2020-01-22,1807.6,1807.6,1807.6,1807.6,,MRBCTR
2020-01-23,1788.19,1788.19,1788.19,1788.19,,MRBCTR
2020-01-24,1791.12,1791.12,1791.12,1791.12,,MRBCTR
2020-01-27,1756.13,1756.13,1756.13,1756.13,,MRBCTR
2020-01-28,1771.59,1771.59,1771.59,1771.59,,MRBCTR
2020-01-29,1782.48,1782.48,1782.48,1782.48,,MRBCTR
2020-01-30,1767.72,1767.72,1767.72,1767.72,,MRBCTR
2020-01-31,1747.63,1747.63,1747.63,1747.63,,MRBCTR
2020-02-03,1743.08,1743.08,1743.08,1743.08,,MRBCTR
2020-02-04,1761.92,1761.92,1761.92,1761.92,,MRBCTR
2020-02-05,1772.64,1772.64,1772.64,1772.64,,MRBCTR
2020-02-06,1759.52,1759.52,1759.52,1759.52,,MRBCTR
2020-02-07,1750.72,1750.72,1750.72,1750.72,,MRBCTR
2020-02-10,1733.92,1733.92,1733.92,1733.92,,MRBCTR
2020-02-11,1755.54,1755.54,1755.54,1755.54,,MRBCTR
2020-02-12,1770.83,1770.83,1770.83,1770.83,,MRBCTR
2020-02-13,1759.97,1759.97,1759.97,1759.97,,MRBCTR
2020-02-14,1751.06,1751.06,1751.06,1751.06,,MRBCTR
2020-02-17,1760.92,1760.92,1760.92,1760.92,,MRBCTR
2020-02-18,1740.72,1740.72,1740.72,1740.72,,MRBCTR
2020-02-19,1768.27,1768.27,1768.27,1768.27,,MRBCTR
2020-02-20,1772.48,1772.48,1772.48,1772.48,,MRBCTR
2020-02-21,1756.28,1756.28,1756.28,1756.28,,MRBCTR
2020-02-25,1689.27,1689.27,1689.27,1689.27,,MRBCTR
2020-02-26,1699.93,1699.93,1699.93,1699.93,,MRBCTR
2020-02-27,1638.96,1638.96,1638.96,1638.96,,MRBCTR
2020-02-28,1570.37,1570.37,1570.37,1570.37,,MRBCTR
2020-03-02,1561.03,1561.03,1561.03,1561.03,,MRBCTR
2020-03-03,1593.07,1593.07,1593.07,1593.07,,MRBCTR
2020-03-04,1594.38,1594.38,1594.38,1594.38,,MRBCTR
2020-03-05,1589.54,1589.54,1589.54,1589.54,,MRBCTR
2020-03-06,1543.73,1543.73,1543.73,1543.73,,MRBCTR
2020-03-10,1407.3,1407.3,1407.3,1407.3,,MRBCTR
2020-03-11,1399.36,1399.36,1399.36,1399.36,,MRBCTR
2020-03-12,1279.8,1279.8,1279.8,1279.8,,MRBCTR
2020-03-13,1294.22,1294.22,1294.22,1294.22,,MRBCTR
2020-03-16,1267.61,1267.61,1267.61,1267.61,,MRBCTR
2020-03-17,1245.52,1245.52,1245.52,1245.52,,MRBCTR
2020-03-18,1171.21,1171.21,1171.21,1171.21,,MRBCTR
2020-03-19,1272.91,1272.91,1272.91,1272.91,,MRBCTR
2020-03-20,1300.76,1300.76,1300.76,1300.76,,MRBCTR
2020-03-23,1257.8,1257.8,1257.8,1257.8,,MRBCTR
2020-03-24,1358.87,1358.87,1358.87,1358.87,,MRBCTR
2020-03-25,1389.23,1389.23,1389.23,1389.23,,MRBCTR
2020-03-26,1414.19,1414.19,1414.19,1414.19,,MRBCTR
2020-03-27,1362.07,1362.07,1362.07,1362.07,,MRBCTR
2020-03-30,1377.38,1377.38,1377.38,1377.38,,MRBCTR
2020-03-31,1419.06,1419.06,1419.06,1419.06,,MRBCTR
2020-04-01,1397.33,1397.33,1397.33,1397.33,,MRBCTR
2020-04-02,1438.49,1438.49,1438.49,1438.49,,MRBCTR
2020-04-03,1453.61,1453.61,1453.61,1453.61,,MRBCTR
2020-04-06,1481.24,1481.24,1481.24,1481.24,,MRBCTR
2020-04-07,1492.29,1492.29,1492.29,1492.29,,MRBCTR
2020-04-08,1513.56,1513.56,1513.56,1513.56,,MRBCTR
2020-04-09,1533.18,1533.18,1533.18,1533.18,,MRBCTR
2020-04-10,1516.98,1516.98,1516.98,1516.98,,MRBCTR
2020-04-13,1486.21,1486.21,1486.21,1486.21,,MRBCTR
2020-04-14,1487.57,1487.57,1487.57,1487.57,,MRBCTR
2020-04-15,1408.22,1408.22,1408.22,1408.22,,MRBCTR
2020-04-16,1415.92,1415.92,1415.92,1415.92,,MRBCTR
2020-04-17,1427.42,1427.42,1427.42,1427.42,,MRBCTR
2020-04-20,1425.57,1425.57,1425.57,1425.57,,MRBCTR
2020-04-21,1400.65,1400.65,1400.65,1400.65,,MRBCTR
2020-04-22,1449.02,1449.02,1449.02,1449.02,,MRBCTR
2020-04-23,1464.82,1464.82,1464.82,1464.82,,MRBCTR
2020-04-24,1443.12,1443.12,1443.12,1443.12,,MRBCTR
2020-04-27,1448.88,1448.88,1448.88,1448.88,,MRBCTR
2020-04-28,1471.67,1471.67,1471.67,1471.67,,MRBCTR
2020-04-29,1508.1,1508.1,1508.1,1508.1,,MRBCTR
2020-04-30,1501.78,1501.78,1501.78,1501.78,,MRBCTR
2020-05-04,1486.15,1486.15,1486.15,1486.15,,MRBCTR
2020-05-05,1502.04,1502.04,1502.04,1502.04,,MRBCTR
2020-05-06,1490.15,1490.15,1490.15,1490.15,,MRBCTR
2020-05-07,1497.03,1497.03,1497.03,1497.03,,MRBCTR
2020-05-08,1503.31,1503.31,1503.31,1503.31,,MRBCTR
2020-05-12,1508.72,1508.72,1508.72,1508.72,,MRBCTR
2020-05-13,1485.14,1485.14,1485.14,1485.14,,MRBCTR
2020-05-14,1476.24,1476.24,1476.24,1476.24,,MRBCTR
2020-05-15,1479.36,1479.36,1479.36,1479.36,,MRBCTR
2020-05-18,1543.7,1543.7,1543.7,1543.7,,MRBCTR
2020-05-19,1556.09,1556.09,1556.09,1556.09,,MRBCTR
2020-05-20,1593.63,1593.63,1593.63,1593.63,,MRBCTR
2020-05-21,1559.97,1559.97,1559.97,1559.97,,MRBCTR
2020-05-22,1556.82,1556.82,1556.82,1556.82,,MRBCTR
2020-05-25,1585.52,1585.52,1585.52,1585.52,,MRBCTR
2020-05-26,1581.51,1581.51,1581.51,1581.51,,MRBCTR
2020-05-27,1570.68,1570.68,1570.68,1570.68,,MRBCTR
2020-05-28,1594.63,1594.63,1594.63,1594.63,,MRBCTR
2020-05-29,1564.87,1564.87,1564.87,1564.87,,MRBCTR
2020-06-01,1574.14,1574.14,1574.14,1574.14,,MRBCTR
2020-06-02,1599.26,1599.26,1599.26,1599.26,,MRBCTR
2020-06-03,1616.66,1616.66,1616.66,1616.66,,MRBCTR
2020-06-04,1574.46,1574.46,1574.46,1574.46,,MRBCTR
2020-06-05,1592.67,1592.67,1592.67,1592.67,,MRBCTR
2020-06-08,1593.86,1593.86,1593.86,1593.86,,MRBCTR
2020-06-09,1594.21,1594.21,1594.21,1594.21,,MRBCTR
2020-06-10,1589.53,1589.53,1589.53,1589.53,,MRBCTR
2020-06-11,1566.2,1566.2,1566.2,1566.2,,MRBCTR
2020-06-15,1554.97,1554.97,1554.97,1554.97,,MRBCTR
2020-06-16,1572.52,1572.52,1572.52,1572.52,,MRBCTR
2020-06-17,1568.92,1568.92,1568.92,1568.92,,MRBCTR
2020-06-18,1562.98,1562.98,1562.98,1562.98,,MRBCTR
2020-06-19,1585.14,1585.14,1585.14,1585.14,,MRBCTR
2020-06-22,1591.91,1591.91,1591.91,1591.91,,MRBCTR
2020-06-23,1612.37,1612.37,1612.37,1612.37,,MRBCTR
2020-06-25,1599.53,1599.53,1599.53,1599.53,,MRBCTR
2020-06-26,1600.21,1600.21,1600.21,1600.21,,MRBCTR
2020-06-29,1601.08,1601.08,1601.08,1601.08,,MRBCTR
2020-06-30,1586.59,1586.59,1586.59,1586.59,,MRBCTR
2020-07-02,1612.01,1612.01,1612.01,1612.01,,MRBCTR
2020-07-03,1619.08,1619.08,1619.08,1619.08,,MRBCTR
2020-07-06,1637.45,1637.45,1637.45,1637.45,,MRBCTR
2020-07-07,1632.29,1632.29,1632.29,1632.29,,MRBCTR
2020-07-08,1629.48,1629.48,1629.48,1629.48,,MRBCTR
2020-07-09,1623.8,1623.8,1623.8,1623.8,,MRBCTR
2020-07-10,1635.87,1635.87,1635.87,1635.87,,MRBCTR
2020-07-13,1617.94,1617.94,1617.94,1617.94,,MRBCTR
2020-07-14,1603.72,1603.72,1603.72,1603.72,,MRBCTR
2020-07-15,1628.14,1628.14,1628.14,1628.14,,MRBCTR
2020-07-16,1634.37,1634.37,1634.37,1634.37,,MRBCTR
2020-07-17,1646.29,1646.29,1646.29,1646.29,,MRBCTR
2020-07-20,1660.57,1660.57,1660.57,1660.57,,MRBCTR
2020-07-21,1674.25,1674.25,1674.25,1674.25,,MRBCTR
2020-07-22,1679.16,1679.16,1679.16,1679.16,,MRBCTR
2020-07-23,1695.33,1695.33,1695.33,1695.33,,MRBCTR
2020-07-24,1701.58,1701.58,1701.58,1701.58,,MRBCTR
2020-07-27,1718.07,1718.07,1718.07,1718.07,,MRBCTR
2020-07-28,1725.49,1725.49,1725.49,1725.49,,MRBCTR
2020-07-29,1737.73,1737.73,1737.73,1737.73,,MRBCTR
2020-07-30,1717.35,1717.35,1717.35,1717.35,,MRBCTR
2020-07-31,1736.08,1736.08,1736.08,1736.08,,MRBCTR
2020-08-03,1744.63,1744.63,1744.63,1744.63,,MRBCTR
2020-08-04,1750.28,1750.28,1750.28,1750.28,,MRBCTR
2020-08-05,1786.16,1786.16,1786.16,1786.16,,MRBCTR
2020-08-06,1786.85,1786.85,1786.85,1786.85,,MRBCTR
2020-08-07,1778.2,1778.2,1778.2,1778.2,,MRBCTR
2020-08-10,1767.45,1767.45,1767.45,1767.45,,MRBCTR
2020-08-11,1787.95,1787.95,1787.95,1787.95,,MRBCTR
2020-08-12,1819.13,1819.13,1819.13,1819.13,,MRBCTR
2020-08-13,1840.33,1840.33,1840.33,1840.33,,MRBCTR
2020-08-14,1829.77,1829.77,1829.77,1829.77,,MRBCTR
2020-08-17,1827.33,1827.33,1827.33,1827.33,,MRBCTR
2020-08-18,1826.87,1826.87,1826.87,1826.87,,MRBCTR
2020-08-19,1829.97,1829.97,1829.97,1829.97,,MRBCTR
2020-08-20,1795.89,1795.89,1795.89,1795.89,,MRBCTR
2020-08-21,1797.46,1797.46,1797.46,1797.46,,MRBCTR
2020-08-24,1820.3,1820.3,1820.3,1820.3,,MRBCTR
2020-08-25,1824.65,1824.65,1824.65,1824.65,,MRBCTR
2020-08-26,1840.18,1840.18,1840.18,1840.18,,MRBCTR
2020-08-27,1814.01,1814.01,1814.01,1814.01,,MRBCTR
2020-08-28,1797.53,1797.53,1797.53,1797.53,,MRBCTR
2020-08-31,1795.58,1795.58,1795.58,1795.58,,MRBCTR
2020-09-01,1795.53,1795.53,1795.53,1795.53,,MRBCTR
2020-09-02,1783.36,1783.36,1783.36,1783.36,,MRBCTR
2020-09-03,1771.54,1771.54,1771.54,1771.54,,MRBCTR
2020-09-04,1763.71,1763.71,1763.71,1763.71,,MRBCTR
2020-09-07,1773.1,1773.1,1773.1,1773.1,,MRBCTR
2020-09-08,1742.89,1742.89,1742.89,1742.89,,MRBCTR
2020-09-09,1728.78,1728.78,1728.78,1728.78,,MRBCTR
2020-09-10,1739.22,1739.22,1739.22,1739.22,,MRBCTR
2020-09-11,1745.88,1745.88,1745.88,1745.88,,MRBCTR
2020-09-14,1754.59,1754.59,1754.59,1754.59,,MRBCTR
2020-09-15,1783.98,1783.98,1783.98,1783.98,,MRBCTR
2020-09-16,1777.05,1777.05,1777.05,1777.05,,MRBCTR
2020-09-17,1770.19,1770.19,1770.19,1770.19,,MRBCTR
2020-09-18,1756.77,1756.77,1756.77,1756.77,,MRBCTR
2020-09-21,1701.01,1701.01,1701.01,1701.01,0.0,MRBCTR
2020-09-22,1712.8,1712.8,1712.8,1712.8,0.0,MRBCTR
2020-09-23,1733.31,1733.31,1733.31,1733.31,0.0,MRBCTR
2020-09-24,1732.73,1732.73,1732.73,1732.73,0.0,MRBCTR
2020-09-25,1723.52,1723.52,1723.52,1723.52,0.0,MRBCTR
2020-09-28,1740.54,1740.54,1740.54,1740.54,0.0,MRBCTR
2020-09-29,1728.43,1728.43,1728.43,1728.43,0.0,MRBCTR
2020-09-30,1727.62,1727.62,1727.62,1727.62,0.0,MRBCTR
2020-10-01,1718.14,1718.14,1718.14,1718.14,0.0,MRBCTR
2020-10-02,1716.99,1716.99,1716.99,1716.99,0.0,MRBCTR
2020-10-05,1740.38,1740.38,1740.38,1740.38,0.0,MRBCTR
2020-10-06,1745.02,1745.02,1745.02,1745.02,0.0,MRBCTR
2020-10-07,1712.63,1712.63,1712.63,1712.63,0.0,MRBCTR
2020-10-08,1717.92,1717.92,1717.92,1717.92,0.0,MRBCTR
2020-10-09,1718.49,1718.49,1718.49,1718.49,0.0,MRBCTR
2020-10-12,1726.55,1726.55,1726.55,1726.55,0.0,MRBCTR
2020-10-13,1717.96,1717.96,1717.96,1717.96,0.0,MRBCTR
2020-10-14,1734.76,1734.76,1734.76,1734.76,0.0,MRBCTR
2020-10-15,1710.01,1710.01,1710.01,1710.01,0.0,MRBCTR
2020-10-16,1702.21,1702.21,1702.21,1702.21,0.0,MRBCTR
2020-10-19,1702.71,1702.71,1702.71,1702.71,0.0,MRBCTR
2020-10-20,1703.09,1703.09,1703.09,1703.09,0.0,MRBCTR
2020-10-21,1689.09,1689.09,1689.09,1689.09,0.0,MRBCTR
2020-10-22,1696.81,1696.81,1696.81,1696.81,0.0,MRBCTR
2020-10-23,1704.81,1704.81,1704.81,1704.81,0.0,MRBCTR
2020-10-26,1682.93,1682.93,1682.93,1682.93,0.0,MRBCTR
2020-10-27,1670.55,1670.55,1670.55,1670.55,0.0,MRBCTR
2020-10-28,1622.91,1622.91,1622.91,1622.91,0.0,MRBCTR
2020-10-29,1632.09,1632.09,1632.09,1632.09,0.0,MRBCTR
2020-10-30,1619.95,1619.95,1619.95,1619.95,0.0,MRBCTR
2020-11-02,1654.66,1654.66,1654.66,1654.66,0.0,MRBCTR
2020-11-03,1684.8,1684.8,1684.8,1684.8,0.0,MRBCTR
2020-11-05,1733.16,1733.16,1733.16,1733.16,0.0,MRBCTR
2020-11-06,1756.7,1756.7,1756.7,1756.7,0.0,MRBCTR
2020-11-09,1813.66,1813.66,1813.66,1813.66,0.0,MRBCTR
2020-11-10,1816.72,1816.72,1816.72,1816.72,0.0,MRBCTR
2020-11-11,1822.0,1822.0,1822.0,1822.0,0.0,MRBCTR
2020-11-12,1828.58,1828.58,1828.58,1828.58,0.0,MRBCTR
2020-11-13,1826.49,1826.49,1826.49,1826.49,0.0,MRBCTR
2020-11-16,1860.59,1860.59,1860.59,1860.59,0.0,MRBCTR
2020-11-17,1844.62,1844.62,1844.62,1844.62,0.0,MRBCTR
2020-11-18,1865.02,1865.02,1865.02,1865.02,0.0,MRBCTR
2020-11-19,1843.75,1843.75,1843.75,1843.75,0.0,MRBCTR
2020-11-20,1847.86,1847.86,1847.86,1847.86,0.0,MRBCTR
2020-11-23,1844.08,1844.08,1844.08,1844.08,0.0,MRBCTR
2020-11-24,1875.29,1875.29,1875.29,1875.29,0.0,MRBCTR
2020-11-25,1897.95,1897.95,1897.95,1897.95,0.0,MRBCTR
2020-11-26,1899.87,1899.87,1899.87,1899.87,0.0,MRBCTR
2020-11-27,1899.58,1899.58,1899.58,1899.58,0.0,MRBCTR
2020-11-30,1875.31,1875.31,1875.31,1875.31,0.0,MRBCTR
2020-12-01,1899.23,1899.23,1899.23,1899.23,0.0,MRBCTR
2020-12-02,1924.62,1924.62,1924.62,1924.62,0.0,MRBCTR
2020-12-03,1908.97,1908.97,1908.97,1908.97,0.0,MRBCTR
2020-12-04,1921.41,1921.41,1921.41,1921.41,0.0,MRBCTR
2020-12-07,1924.64,1924.64,1924.64,1924.64,0.0,MRBCTR
2020-12-08,1913.48,1913.48,1913.48,1913.48,0.0,MRBCTR
2020-12-09,1934.54,1934.54,1934.54,1934.54,0.0,MRBCTR
2020-12-10,1971.21,1971.21,1971.21,1971.21,0.0,MRBCTR
2020-12-11,1981.3,1981.3,1981.3,1981.3,0.0,MRBCTR
2020-12-14,1965.64,1965.64,1965.64,1965.64,0.0,MRBCTR
2020-12-15,1960.26,1960.26,1960.26,1960.26,0.0,MRBCTR
2020-12-16,1969.64,1969.64,1969.64,1969.64,0.0,MRBCTR
2020-12-17,1982.67,1982.67,1982.67,1982.67,0.0,MRBCTR
2020-12-18,1983.52,1983.52,1983.52,1983.52,0.0,MRBCTR
2020-12-21,1930.22,1930.22,1930.22,1930.22,0.0,MRBCTR
2020-12-22,1957.03,1957.03,1957.03,1957.03,0.0,MRBCTR
2020-12-23,1968.35,1968.35,1968.35,1968.35,0.0,MRBCTR
2020-12-24,1959.08,1959.08,1959.08,1959.08,0.0,MRBCTR
2020-12-25,1965.38,1965.38,1965.38,1965.38,0.0,MRBCTR
2020-12-28,1972.6,1972.6,1972.6,1972.6,0.0,MRBCTR
2020-12-29,1986.9,1986.9,1986.9,1986.9,0.0,MRBCTR
2020-12-30,1998.6,1998.6,1998.6,1998.6,0.0,MRBCTR
2021-01-04,2037.82,2037.82,2037.82,2037.82,0.0,MRBCTR
2021-01-05,2044.63,2044.63,2044.63,2044.63,0.0,MRBCTR
2021-01-06,2057.4,2057.4,2057.4,2057.4,0.0,MRBCTR
2021-01-08,2105.87,2105.87,2105.87,2105.87,0.0,MRBCTR
2021-01-11,2122.31,2122.31,2122.31,2122.31,0.0,MRBCTR
2021-01-12,2113.1,2113.1,2113.1,2113.1,0.0,MRBCTR
2021-01-13,2118.09,2118.09,2118.09,2118.09,0.0,MRBCTR
2021-01-14,2126.75,2126.75,2126.75,2126.75,0.0,MRBCTR
2021-01-15,2093.9,2093.9,2093.9,2093.9,0.0,MRBCTR
2021-01-18,2104.46,2104.46,2104.46,2104.46,0.0,MRBCTR
2021-01-19,2084.72,2084.72,2084.72,2084.72,0.0,MRBCTR
2021-01-20,2102.74,2102.74,2102.74,2102.74,0.0,MRBCTR
2021-01-21,2076.85,2076.85,2076.85,2076.85,0.0,MRBCTR
2021-01-22,2053.02,2053.02,2053.02,2053.02,0.0,MRBCTR
2021-01-25,2060.83,2060.83,2060.83,2060.83,0.0,MRBCTR
2021-01-26,2054.18,2054.18,2054.18,2054.18,0.0,MRBCTR
2021-01-27,2022.04,2022.04,2022.04,2022.04,0.0,MRBCTR
2021-01-28,2022.43,2022.43,2022.43,2022.43,0.0,MRBCTR
2021-01-29,1977.67,1977.67,1977.67,1977.67,0.0,MRBCTR
2021-02-01,1986.4,1986.4,1986.4,1986.4,0.0,MRBCTR
2021-02-02,2030.34,2030.34,2030.34,2030.34,0.0,MRBCTR
2021-02-03,2021.77,2021.77,2021.77,2021.77,0.0,MRBCTR
2021-02-04,2038.66,2038.66,2038.66,2038.66,0.0,MRBCTR
2021-02-05,2049.31,2049.31,2049.31,2049.31,0.0,MRBCTR
2021-02-08,2079.14,2079.14,2079.14,2079.14,0.0,MRBCTR
2021-02-09,2065.83,2065.83,2065.83,2065.83,0.0,MRBCTR
2021-02-10,2049.24,2049.24,2049.24,2049.24,0.0,MRBCTR
2021-02-11,2060.46,2060.46,2060.46,2060.46,0.0,MRBCTR
2021-02-12,2069.46,2069.46,2069.46,2069.46,0.0,MRBCTR
2021-02-15,2109.46,2109.46,2109.46,2109.46,0.0,MRBCTR
2021-02-16,2114.68,2114.68,2114.68,2114.68,0.0,MRBCTR
2021-02-17,2072.12,2072.12,2072.12,2072.12,0.0,MRBCTR
2021-02-18,2048.75,2048.75,2048.75,2048.75,0.0,MRBCTR
2021-02-19,2085.04,2085.04,2085.04,2085.04,0.0,MRBCTR
2021-02-20,2069.87,2069.87,2069.87,2069.87,0.0,MRBCTR
2021-02-22,2055.68,2055.68,2055.68,2055.68,0.0,MRBCTR
2021-02-24,2026.89,2026.89,2026.89,2026.89,0.0,MRBCTR
2021-02-25,2028.33,2028.33,2028.33,2028.33,0.0,MRBCTR
2021-02-26,1987.44,1987.44,1987.44,1987.44,0.0,MRBCTR
2021-03-01,2013.68,2013.68,2013.68,2013.68,0.0,MRBCTR
2021-03-02,2028.19,2028.19,2028.19,2028.19,0.0,MRBCTR
2021-03-03,2030.52,2030.52,2030.52,2030.52,0.0,MRBCTR
2021-03-04,2017.27,2017.27,2017.27,2017.27,0.0,MRBCTR
2021-03-05,2036.16,2036.16,2036.16,2036.16,0.0,MRBCTR
2021-03-09,2086.48,2086.48,2086.48,2086.48,0.0,MRBCTR
2021-03-10,2074.98,2074.98,2074.98,2074.98,0.0,MRBCTR
2021-03-11,2103.88,2103.88,2103.88,2103.88,0.0,MRBCTR
2021-03-12,2118.63,2118.63,2118.63,2118.63,0.0,MRBCTR
2021-03-15,2147.02,2147.02,2147.02,2147.02,0.0,MRBCTR
2021-03-16,2143.65,2143.65,2143.65,2143.65,0.0,MRBCTR
2021-03-17,2095.3,2095.3,2095.3,2095.3,0.0,MRBCTR
2021-03-18,2088.9,2088.9,2088.9,2088.9,0.0,MRBCTR
2021-03-19,2070.55,2070.55,2070.55,2070.55,0.0,MRBCTR
2021-03-22,2076.37,2076.37,2076.37,2076.37,0.0,MRBCTR
2021-03-23,2067.41,2067.41,2067.41,2067.41,0.0,MRBCTR
2021-03-24,0.0,2074.53,0.0,0.0,0.0,MRBCTR
2021-03-25,0.0,2039.7,0.0,0.0,0.0,MRBCTR
2021-03-26,0.0,2070.67,0.0,0.0,0.0,MRBCTR
2021-03-29,0.0,2093.1,0.0,0.0,0.0,MRBCTR
2021-03-30,0.0,2083.79,0.0,0.0,0.0,MRBCTR
2021-03-31,0.0,2096.39,0.0,0.0,0.0,MRBCTR
2021-04-01,0.0,2088.28,0.0,0.0,0.0,MRBCTR
2021-04-02,0.0,2103.9,0.0,0.0,0.0,MRBCTR
2021-04-05,0.0,2080.77,0.0,0.0,0.0,MRBCTR
2021-04-06,2059.54,2059.54,2059.54,2059.54,0.0,MRBCTR
2021-04-07,2062.74,2062.74,2062.74,2062.74,0.0,MRBCTR
2021-04-08,2065.45,2065.45,2065.45,2065.45,0.0,MRBCTR
2021-04-09,2055.37,2055.37,2055.37,2055.37,0.0,MRBCTR
2021-04-12,2076.25,2076.25,2076.25,2076.25,0.0,MRBCTR
2021-04-13,2070.58,2070.58,2070.58,2070.58,0.0,MRBCTR
2021-04-14,2103.81,2103.81,2103.81,2103.81,0.0,MRBCTR
2021-04-15,2100.11,2100.11,2100.11,2100.11,0.0,MRBCTR
2021-04-16,2110.06,2110.06,2110.06,2110.06,0.0,MRBCTR
2021-04-19,2097.64,2097.64,2097.64,2097.64,0.0,MRBCTR
2021-04-20,2087.47,2087.47,2087.47,2087.47,0.0,MRBCTR
2021-04-21,2089.73,2089.73,2089.73,2089.73,0.0,MRBCTR
2021-04-22,2111.02,2111.02,2111.02,2111.02,0.0,MRBCTR
2021-04-23,2100.54,2100.54,2100.54,2100.54,0.0,MRBCTR
2021-04-26,2104.66,2104.66,2104.66,2104.66,0.0,MRBCTR
2021-04-27,2106.01,2106.01,2106.01,2106.01,0.0,MRBCTR
2021-04-28,2092.21,2092.21,2092.21,2092.21,0.0,MRBCTR
2021-04-29,2091.96,2091.96,2091.96,2091.96,0.0,MRBCTR
2021-04-30,2070.12,2070.12,2070.12,2070.12,0.0,MRBCTR
2021-05-04,2089.44,2089.44,2089.44,2089.44,0.0,MRBCTR
2021-05-05,2133.95,2133.95,2133.95,2133.95,0.0,MRBCTR
2021-05-06,2144.62,2144.62,2144.62,2144.62,0.0,MRBCTR
2021-05-07,2156.16,2156.16,2156.16,2156.16,0.0,MRBCTR
2021-05-10,2160.02,2160.02,2160.02,2160.02,0.0,MRBCTR
2021-05-11,2154.64,2154.64,2154.64,2154.64,0.0,MRBCTR
2021-05-12,2159.58,2159.58,2159.58,2159.58,0.0,MRBCTR
2021-05-13,2149.61,2149.61,2149.61,2149.61,0.0,MRBCTR
2021-05-14,2151.86,2151.86,2151.86,2151.86,0.0,MRBCTR
2021-05-17,2158.51,2158.51,2158.51,2158.51,0.0,MRBCTR
2021-05-18,2187.06,2187.06,2187.06,2187.06,0.0,MRBCTR
2021-05-19,2157.92,2157.92,2157.92,2157.92,0.0,MRBCTR
2021-05-20,2150.23,2150.23,2150.23,2150.23,0.0,MRBCTR
2021-05-21,2166.7,2166.7,2166.7,2166.7,0.0,MRBCTR
2021-05-24,2168.79,2168.79,2168.79,2168.79,0.0,MRBCTR
2021-05-25,2180.67,2180.67,2180.67,2180.67,0.0,MRBCTR
2021-05-26,2197.59,2197.59,2197.59,2197.59,0.0,MRBCTR
2021-05-27,2212.55,2212.55,2212.55,2212.55,0.0,MRBCTR
2021-05-28,2207.86,2207.86,2207.86,2207.86,0.0,MRBCTR
2021-05-31,2209.27,2209.27,2209.27,2209.27,0.0,MRBCTR
2021-06-01,2237.46,2237.46,2237.46,2237.46,0.0,MRBCTR
2021-06-02,2277.14,2277.14,2277.14,2277.14,0.0,MRBCTR
2021-06-03,2271.11,2271.11,2271.11,2271.11,0.0,MRBCTR
2021-06-04,2271.89,2271.89,2271.89,2271.89,0.0,MRBCTR
2021-06-07,2274.09,2274.09,2274.09,2274.09,0.0,MRBCTR
2021-06-08,2263.59,2263.59,2263.59,2263.59,0.0,MRBCTR
2021-06-09,2288.3,2288.3,2288.3,2288.3,0.0,MRBCTR
2021-06-10,2269.55,2269.55,2269.55,2269.55,0.0,MRBCTR
2021-06-11,2270.49,2270.49,2270.49,2270.49,0.0,MRBCTR
2021-06-14,2281.57,2281.57,2281.57,2281.57,0.0,MRBCTR
2021-06-15,2264.73,2264.73,2264.73,2264.73,0.0,MRBCTR
2021-06-16,2272.55,2272.55,2272.55,2272.55,0.0,MRBCTR
2021-06-17,2262.87,2262.87,2262.87,2262.87,0.0,MRBCTR
2021-06-18,2254.01,2254.01,2254.01,2254.01,0.0,MRBCTR
2021-06-21,2261.08,2261.08,2261.08,2261.08,0.0,MRBCTR
2021-06-22,2262.62,2262.62,2262.62,2262.62,0.0,MRBCTR
2021-06-23,2273.01,2273.01,2273.01,2273.01,0.0,MRBCTR
2021-06-24,2262.47,2262.47,2262.47,2262.47,0.0,MRBCTR
2021-06-25,2271.12,2271.12,2271.12,2271.12,0.0,MRBCTR
2021-06-28,2265.47,2265.47,2265.47,2265.47,0.0,MRBCTR
2021-06-29,2244.14,2244.14,2244.14,2244.14,0.0,MRBCTR
2021-06-30,2277.89,2277.89,2277.89,2277.89,0.0,MRBCTR
2021-07-01,2292.12,2292.12,2292.12,2292.12,0.0,MRBCTR
2021-07-02,2306.87,2306.87,2306.87,2306.87,0.0,MRBCTR
2021-07-05,2313.34,2313.34,2313.34,2313.34,0.0,MRBCTR
2021-07-06,2313.92,2313.92,2313.92,2313.92,0.0,MRBCTR
2021-07-07,2325.0,2325.0,2325.0,2325.0,0.0,MRBCTR
2021-07-08,2306.98,2306.98,2306.98,2306.98,0.0,MRBCTR
2021-07-09,2295.29,2295.29,2295.29,2295.29,0.0,MRBCTR
2021-07-12,2306.62,2306.62,2306.62,2306.62,0.0,MRBCTR
2021-07-13,2314.21,2314.21,2314.21,2314.21,0.0,MRBCTR
2021-07-14,2306.33,2306.33,2306.33,2306.33,0.0,MRBCTR
2021-07-15,2284.46,2284.46,2284.46,2284.46,0.0,MRBCTR
2021-07-16,2262.16,2262.16,2262.16,2262.16,0.0,MRBCTR
2021-07-19,2224.64,2224.64,2224.64,2224.64,0.0,MRBCTR
2021-07-20,2226.23,2226.23,2226.23,2226.23,0.0,MRBCTR
2021-07-21,2237.35,2237.35,2237.35,2237.35,0.0,MRBCTR
2021-07-22,2254.41,2254.41,2254.41,2254.41,0.0,MRBCTR
2021-07-23,2239.86,2239.86,2239.86,2239.86,0.0,MRBCTR
2021-07-26,2248.18,2248.18,2248.18,2248.18,0.0,MRBCTR
2021-07-27,2240.69,2240.69,2240.69,2240.69,0.0,MRBCTR
2021-07-28,2274.06,2274.06,2274.06,2274.06,0.0,MRBCTR
2021-07-29,2283.8,2283.8,2283.8,2283.8,0.0,MRBCTR
2021-07-30,2265.98,2265.98,2265.98,2265.98,0.0,MRBCTR
2021-08-02,2274.99,2274.99,2274.99,2274.99,0.0,MRBCTR
2021-08-03,2276.11,2276.11,2276.11,2276.11,0.0,MRBCTR
2021-08-04,2282.17,2282.17,2282.17,2282.17,0.0,MRBCTR
2021-08-05,2295.18,2295.18,2295.18,2295.18,0.0,MRBCTR
2021-08-06,2273.43,2273.43,2273.43,2273.43,0.0,MRBCTR
2021-08-09,2284.2,2284.2,2284.2,2284.2,0.0,MRBCTR
2021-08-10,2297.55,2297.55,2297.55,2297.55,0.0,MRBCTR
2021-08-11,2307.11,2307.11,2307.11,2307.11,0.0,MRBCTR
2021-08-12,2315.21,2315.21,2315.21,2315.21,0.0,MRBCTR
2021-08-13,2306.21,2306.21,2306.21,2306.21,0.0,MRBCTR
2021-08-16,2321.71,2321.71,2321.71,2321.71,0.0,MRBCTR
2021-08-17,2350.12,2350.12,2350.12,2350.12,0.0,MRBCTR
2021-08-18,2337.47,2337.47,2337.47,2337.47,0.0,MRBCTR
2021-08-19,2298.02,2298.02,2298.02,2298.02,0.0,MRBCTR
2021-08-20,2284.71,2284.71,2284.71,2284.71,0.0,MRBCTR
2021-08-23,2316.16,2316.16,2316.16,2316.16,0.0,MRBCTR
2021-08-24,2319.01,2319.01,2319.01,2319.01,0.0,MRBCTR
2021-08-25,2312.77,2312.77,2312.77,2312.77,0.0,MRBCTR
2021-08-26,2291.25,2291.25,2291.25,2291.25,0.0,MRBCTR
2021-08-27,2314.67,2314.67,2314.67,2314.67,0.0,MRBCTR
2021-08-30,2339.68,2339.68,2339.68,2339.68,0.0,MRBCTR
2021-08-31,2330.42,2330.42,2330.42,2330.42,0.0,MRBCTR
2021-09-01,2360.07,2360.07,2360.07,2360.07,0.0,MRBCTR
2021-09-02,2371.47,2371.47,2371.47,2371.47,0.0,MRBCTR
2021-09-03,2380.23,2380.23,2380.23,2380.23,0.0,MRBCTR
2021-09-06,2398.53,2398.53,2398.53,2398.53,0.0,MRBCTR
2021-09-07,2386.01,2386.01,2386.01,2386.01,0.0,MRBCTR
2021-09-08,2391.76,2391.76,2391.76,2391.76,0.0,MRBCTR
2021-09-09,2378.68,2378.68,2378.68,2378.68,0.0,MRBCTR
2021-09-10,2384.66,2384.66,2384.66,2384.66,0.0,MRBCTR
2021-09-13,2413.56,2413.56,2413.56,2413.56,0.0,MRBCTR
2021-09-14,2422.53,2422.53,2422.53,2422.53,0.0,MRBCTR
2021-09-15,2426.34,2426.34,2426.34,2426.34,0.0,MRBCTR
2021-09-16,2414.66,2414.66,2414.66,2414.66,0.0,MRBCTR
2021-09-17,2408.75,2408.75,2408.75,2408.75,0.0,MRBCTR
2021-09-20,2371.11,2371.11,2371.11,2371.11,0.0,MRBCTR
2021-09-21,2368.9,2368.9,2368.9,2368.9,0.0,MRBCTR
2021-09-22,2407.56,2407.56,2407.56,2407.56,0.0,MRBCTR
2021-09-23,2421.73,2421.73,2421.73,2421.73,0.0,MRBCTR
2021-09-24,2411.92,2411.92,2411.92,2411.92,0.0,MRBCTR
2021-09-27,2436.75,2436.75,2436.75,2436.75,0.0,MRBCTR
2021-09-28,2426.14,2426.14,2426.14,2426.14,0.0,MRBCTR
2021-09-29,2420.75,2420.75,2420.75,2420.75,0.0,MRBCTR
2021-09-30,2449.93,2449.93,2449.93,2449.93,0.0,MRBCTR
2021-10-01,2442.95,2442.95,2442.95,2442.95,0.0,MRBCTR
2021-10-04,2455.65,2455.65,2455.65,2455.65,0.0,MRBCTR
2021-10-05,2521.11,2521.11,2521.11,2521.11,0.0,MRBCTR
2021-10-06,2481.13,2481.13,2481.13,2481.13,0.0,MRBCTR
2021-10-07,2519.81,2519.81,2519.81,2519.81,0.0,MRBCTR
2021-10-08,2531.49,2531.49,2531.49,2531.49,0.0,MRBCTR
2021-10-11,2554.37,2554.37,2554.37,2554.37,0.0,MRBCTR
2021-10-12,2548.19,2548.19,2548.19,2548.19,0.0,MRBCTR
2021-10-13,2543.01,2543.01,2543.01,2543.01,0.0,MRBCTR
2021-10-14,2553.59,2553.59,2553.59,2553.59,0.0,MRBCTR
2021-10-15,2556.3,2556.3,2556.3,2556.3,0.0,MRBCTR
2021-10-18,2548.4,2548.4,2548.4,2548.4,0.0,MRBCTR
2021-10-19,2567.55,2567.55,2567.55,2567.55,0.0,MRBCTR
2021-10-20,2577.33,2577.33,2577.33,2577.33,0.0,MRBCTR
2021-10-21,2535.78,2535.78,2535.78,2535.78,0.0,MRBCTR
2021-10-22,2522.12,2522.12,2522.12,2522.12,0.0,MRBCTR
2021-10-25,2557.64,2557.64,2557.64,2557.64,0.0,MRBCTR
2021-10-26,2538.32,2538.32,2538.32,2538.32,0.0,MRBCTR
2021-10-27,2538.14,2538.14,2538.14,2538.14,0.0,MRBCTR
2021-10-28,2526.15,2526.15,2526.15,2526.15,0.0,MRBCTR
2021-10-29,2505.01,2505.01,2505.01,2505.01,0.0,MRBCTR
2021-11-01,2547.94,2547.94,2547.94,2547.94,0.0,MRBCTR
2021-11-02,2542.48,2542.48,2542.48,2542.48,0.0,MRBCTR
2021-11-03,2528.06,2528.06,2528.06,2528.06,0.0,MRBCTR
2021-11-05,2530.58,2530.58,2530.58,2530.58,0.0,MRBCTR
2021-11-08,2562.8,2562.8,2562.8,2562.8,0.0,MRBCTR
2021-11-09,2536.51,2536.51,2536.51,2536.51,0.0,MRBCTR
2021-11-10,2527.27,2527.27,2527.27,2527.27,0.0,MRBCTR
2021-11-11,2543.1,2543.1,2543.1,2543.1,0.0,MRBCTR
2021-11-12,2505.03,2505.03,2505.03,2505.03,0.0,MRBCTR
2021-11-15,2511.16,2511.16,2511.16,2511.16,0.0,MRBCTR
2021-11-16,2509.62,2509.62,2509.62,2509.62,0.0,MRBCTR
2021-11-17,2519.82,2519.82,2519.82,2519.82,0.0,MRBCTR
2021-11-18,2482.33,2482.33,2482.33,2482.33,0.0,MRBCTR
2021-11-19,2434.92,2434.92,2434.92,2434.92,0.0,MRBCTR
2021-11-22,2343.08,2343.08,2343.08,2343.08,0.0,MRBCTR
2021-11-23,2400.35,2400.35,2400.35,2400.35,0.0,MRBCTR
2021-11-24,2395.24,2395.24,2395.24,2395.24,0.0,MRBCTR
2021-11-25,2392.14,2392.14,2392.14,2392.14,0.0,MRBCTR
2021-11-26,2309.73,2309.73,2309.73,2309.73,0.0,MRBCTR
2021-11-29,2346.51,2346.51,2346.51,2346.51,0.0,MRBCTR
2021-11-30,2357.63,2357.63,2357.63,2357.63,0.0,MRBCTR
2021-12-01,2397.28,2397.28,2397.28,2397.28,0.0,MRBCTR
2021-12-02,2384.63,2384.63,2384.63,2384.63,0.0,MRBCTR
2021-12-03,2368.69,2368.69,2368.69,2368.69,0.0,MRBCTR
2021-12-06,2307.93,2307.93,2307.93,2307.93,0.0,MRBCTR
2021-12-07,2344.67,2344.67,2344.67,2344.67,0.0,MRBCTR
2021-12-08,2279.92,2279.92,2279.92,2279.92,0.0,MRBCTR
2021-12-09,2303.7,2303.7,2303.7,2303.7,0.0,MRBCTR
2021-12-10,2274.19,2274.19,2274.19,2274.19,0.0,MRBCTR
2021-12-13,2186.28,2186.28,2186.28,2186.28,0.0,MRBCTR
2021-12-14,2190.05,2190.05,2190.05,2190.05,0.0,MRBCTR
2021-12-15,2194.98,2194.98,2194.98,2194.98,0.0,MRBCTR
2021-12-16,2270.28,2270.28,2270.28,2270.28,0.0,MRBCTR
2021-12-17,2258.82,2258.82,2258.82,2258.82,0.0,MRBCTR
2021-12-20,2241.55,2241.55,2241.55,2241.55,0.0,MRBCTR
2021-12-21,2252.24,2252.24,2252.24,2252.24,0.0,MRBCTR
2021-12-22,2281.17,2281.17,2281.17,2281.17,0.0,MRBCTR
2021-12-23,2254.55,2254.55,2254.55,2254.55,0.0,MRBCTR
2021-12-24,2253.76,2253.76,2253.76,2253.76,0.0,MRBCTR
2021-12-27,2278.42,2278.42,2278.42,2278.42,0.0,MRBCTR
2021-12-28,2304.87,2304.87,2304.87,2304.87,0.0,MRBCTR
2021-12-29,2284.18,2284.18,2284.18,2284.18,0.0,MRBCTR
2021-12-30,2315.02,2315.02,2315.02,2315.02,0.0,MRBCTR
2022-01-03,2352.09,2352.09,2352.09,2352.09,0.0,MRBCTR
2022-01-04,2361.92,2361.92,2361.92,2361.92,0.0,MRBCTR
2022-01-05,2326.23,2326.23,2326.23,2326.23,0.0,MRBCTR
2022-01-06,2287.62,2287.62,2287.62,2287.62,0.0,MRBCTR
2022-01-10,2279.63,2279.63,2279.63,2279.63,0.0,MRBCTR
2022-01-11,2315.75,2315.75,2315.75,2315.75,0.0,MRBCTR
2022-01-12,2348.74,2348.74,2348.74,2348.74,0.0,MRBCTR
2022-01-13,2269.41,2269.41,2269.41,2269.41,0.0,MRBCTR
2022-01-14,2220.89,2220.89,2220.89,2220.89,0.0,MRBCTR
2022-01-17,2189.84,2189.84,2189.84,2189.84,0.0,MRBCTR
2022-01-18,2047.76,2047.76,2047.76,2047.76,0.0,MRBCTR
2022-01-19,2115.12,2115.12,2115.12,2115.12,0.0,MRBCTR
2022-01-20,2169.52,2169.52,2169.52,2169.52,0.0,MRBCTR
2022-01-21,2123.85,2123.85,2123.85,2123.85,0.0,MRBCTR
2022-01-24,1992.05,1992.05,1992.05,1992.05,0.0,MRBCTR
2022-01-25,2014.25,2014.25,2014.25,2014.25,0.0,MRBCTR
2022-01-26,2079.0,2079.0,2079.0,2079.0,0.0,MRBCTR
2022-01-27,2131.22,2131.22,2131.22,2131.22,0.0,MRBCTR
2022-01-28,2148.49,2148.49,2148.49,2148.49,0.0,MRBCTR
2022-01-31,2175.45,2175.45,2175.45,2175.45,0.0,MRBCTR
2022-02-01,2188.69,2188.69,2188.69,2188.69,0.0,MRBCTR
2022-02-02,2188.14,2188.14,2188.14,2188.14,0.0,MRBCTR
2022-02-03,2141.25,2141.25,2141.25,2141.25,0.0,MRBCTR
2022-02-04,2141.21,2141.21,2141.21,2141.21,0.0,MRBCTR
2022-02-07,2138.93,2138.93,2138.93,2138.93,0.0,MRBCTR
2022-02-08,2182.13,2182.13,2182.13,2182.13,0.0,MRBCTR
2022-02-09,2239.03,2239.03,2239.03,2239.03,0.0,MRBCTR
2022-02-10,2254.62,2254.62,2254.62,2254.62,0.0,MRBCTR
2022-02-11,2181.87,2181.87,2181.87,2181.87,0.0,MRBCTR
2022-02-14,2141.72,2141.72,2141.72,2141.72,0.0,MRBCTR
2022-02-15,2215.1,2215.1,2215.1,2215.1,0.0,MRBCTR
2022-02-16,2240.88,2240.88,2240.88,2240.88,0.0,MRBCTR
2022-02-17,2158.53,2158.53,2158.53,2158.53,0.0,MRBCTR
2022-02-18,2085.08,2085.08,2085.08,2085.08,0.0,MRBCTR
2022-02-21,1870.2,1870.2,1870.2,1870.2,0.0,MRBCTR
2022-02-22,1903.25,1903.25,1903.25,1903.25,0.0,MRBCTR
2022-02-24,1271.3,1271.3,1271.3,1271.3,0.0,MRBCTR
2022-02-25,1527.37,1527.37,1527.37,1527.37,0.0,MRBCTR
2022-03-28,1549.61,1549.61,1549.61,1549.61,0.0,MRBCTR
2022-03-29,1526.01,1526.01,1526.01,1526.01,0.0,MRBCTR
2022-03-30,1581.18,1581.18,1581.18,1581.18,0.0,MRBCTR
2022-03-31,1688.35,1688.35,1688.35,1688.35,0.0,MRBCTR
2022-04-01,1711.78,1711.78,1711.78,1711.78,0.0,MRBCTR
2022-04-04,1730.78,1730.78,1730.78,1730.78,0.0,MRBCTR
2022-04-05,1658.84,1658.84,1658.84,1658.84,0.0,MRBCTR
2022-04-06,1627.97,1627.97,1627.97,1627.97,0.0,MRBCTR
2022-04-07,1641.6,1641.6,1641.6,1641.6,0.0,MRBCTR
2022-04-08,1611.13,1611.13,1611.13,1611.13,0.0,MRBCTR
2022-04-11,1595.21,1595.21,1595.21,1595.21,0.0,MRBCTR
2022-04-12,1584.85,1584.85,1584.85,1584.85,0.0,MRBCTR
2022-04-13,1574.47,1574.47,1574.47,1574.47,0.0,MRBCTR
2022-04-14,1494.71,1494.71,1494.71,1494.71,0.0,MRBCTR
2022-04-15,1512.16,1512.16,1512.16,1512.16,0.0,MRBCTR
2022-04-18,1460.26,1460.26,1460.26,1460.26,0.0,MRBCTR
2022-04-19,1440.74,1440.74,1440.74,1440.74,0.0,MRBCTR
2022-04-20,1451.83,1451.83,1451.83,1451.83,0.0,MRBCTR
2022-04-21,1412.36,1412.36,1412.36,1412.36,0.0,MRBCTR
2022-04-22,1385.89,1385.89,1385.89,1385.89,0.0,MRBCTR
2022-04-25,1355.05,1355.05,1355.05,1355.05,0.0,MRBCTR
2022-04-26,1437.14,1437.14,1437.14,1437.14,0.0,MRBCTR
2022-04-27,1501.02,1501.02,1501.02,1501.02,0.0,MRBCTR
2022-04-28,1477.45,1477.45,1477.45,1477.45,0.0,MRBCTR
2022-04-29,1515.48,1515.48,1515.48,1515.48,0.0,MRBCTR
2022-05-04,1474.79,1474.79,1474.79,1474.79,0.0,MRBCTR
2022-05-05,1494.24,1494.24,1494.24,1494.24,0.0,MRBCTR
2022-05-06,1486.75,1486.75,1486.75,1486.75,0.0,MRBCTR
2022-05-11,1477.23,1477.23,1477.23,1477.23,0.0,MRBCTR
2022-05-12,1423.92,1423.92,1423.92,1423.92,0.0,MRBCTR
2022-05-13,1426.15,1426.15,1426.15,1426.15,0.0,MRBCTR
2022-05-16,1457.75,1457.75,1457.75,1457.75,0.0,MRBCTR
2022-05-17,1489.61,1489.61,1489.61,1489.61,0.0,MRBCTR
2022-05-18,1499.67,1499.67,1499.67,1499.67,0.0,MRBCTR
2022-05-19,1492.01,1492.01,1492.01,1492.01,0.0,MRBCTR
2022-05-20,1450.62,1450.62,1450.62,1450.62,0.0,MRBCTR
2022-05-23,1400.42,1400.42,1400.42,1400.42,0.0,MRBCTR
2022-05-24,1391.84,1391.84,1391.84,1391.84,0.0,MRBCTR
2022-05-25,1420.16,1420.16,1420.16,1420.16,0.0,MRBCTR
2022-05-26,1462.13,1462.13,1462.13,1462.13,0.0,MRBCTR
2022-05-27,1457.05,1457.05,1457.05,1457.05,0.0,MRBCTR
2022-05-30,1449.39,1449.39,1449.39,1449.39,0.0,MRBCTR
2022-05-31,1425.63,1425.63,1425.63,1425.63,0.0,MRBCTR
2022-06-01,1434.5,1434.5,1434.5,1434.5,0.0,MRBCTR
2022-06-02,1411.26,1411.26,1411.26,1411.26,0.0,MRBCTR
2022-06-03,1387.32,1387.32,1387.32,1387.32,0.0,MRBCTR
2022-06-06,1369.11,1369.11,1369.11,1369.11,0.0,MRBCTR
2022-06-07,1375.98,1375.98,1375.98,1375.98,0.0,MRBCTR
2022-06-08,1386.79,1386.79,1386.79,1386.79,0.0,MRBCTR
2022-06-09,1373.34,1373.34,1373.34,1373.34,0.0,MRBCTR
2022-06-10,1361.41,1361.41,1361.41,1361.41,0.0,MRBCTR
2022-06-14,1360.15,1360.15,1360.15,1360.15,0.0,MRBCTR
2022-06-15,1378.05,1378.05,1378.05,1378.05,0.0,MRBCTR
2022-06-16,1412.7,1412.7,1412.7,1412.7,0.0,MRBCTR
2022-06-17,1402.57,1402.57,1402.57,1402.57,0.0,MRBCTR
2022-06-20,1442.66,1442.66,1442.66,1442.66,0.0,MRBCTR
2022-06-21,1417.92,1417.92,1417.92,1417.92,0.0,MRBCTR
2022-06-22,1430.7,1430.7,1430.7,1430.7,0.0,MRBCTR
2022-06-23,1442.7,1442.7,1442.7,1442.7,0.0,MRBCTR
2022-06-24,1434.3,1434.3,1434.3,1434.3,0.0,MRBCTR
2022-06-27,1449.84,1449.84,1449.84,1449.84,0.0,MRBCTR
2022-06-28,1450.78,1450.78,1450.78,1450.78,0.0,MRBCTR
2022-06-29,1430.5,1430.5,1430.5,1430.5,0.0,MRBCTR
2022-06-30,1342.94,1342.94,1342.94,1342.94,0.0,MRBCTR
2022-07-01,1346.67,1346.67,1346.67,1346.67,0.0,MRBCTR
2022-07-04,1346.17,1346.17,1346.17,1346.17,0.0,MRBCTR
2022-07-05,1355.31,1355.31,1355.31,1355.31,0.0,MRBCTR
2022-07-06,1354.0,1354.0,1354.0,1354.0,0.0,MRBCTR
2022-07-07,1356.65,1356.65,1356.65,1356.65,0.0,MRBCTR
2022-07-08,1359.85,1359.85,1359.85,1359.85,0.0,MRBCTR
2022-07-11,1327.58,1327.58,1327.58,1327.58,0.0,MRBCTR
2022-07-12,1307.85,1307.85,1307.85,1307.85,0.0,MRBCTR
2022-07-13,1269.04,1269.04,1269.04,1269.04,0.0,MRBCTR
2022-07-14,1263.56,1263.56,1263.56,1263.56,0.0,MRBCTR
2022-07-15,1294.75,1294.75,1294.75,1294.75,0.0,MRBCTR
2022-07-18,1287.13,1287.13,1287.13,1287.13,0.0,MRBCTR
2022-07-19,1274.16,1274.16,1274.16,1274.16,0.0,MRBCTR
2022-07-20,1277.0,1277.0,1277.0,1277.0,0.0,MRBCTR
2022-07-21,1261.6,1261.6,1261.6,1261.6,0.0,MRBCTR
2022-07-22,1292.02,1292.02,1292.02,1292.02,0.0,MRBCTR
2022-07-25,1317.81,1317.81,1317.81,1317.81,0.0,MRBCTR
2022-07-26,1367.18,1367.18,1367.18,1367.18,0.0,MRBCTR
2022-07-27,1369.53,1369.53,1369.53,1369.53,0.0,MRBCTR
2022-07-28,1365.17,1365.17,1365.17,1365.17,0.0,MRBCTR
2022-07-29,1383.7,1383.7,1383.7,1383.7,0.0,MRBCTR
2022-08-01,1360.88,1360.88,1360.88,1360.88,0.0,MRBCTR
2022-08-02,1332.83,1332.83,1332.83,1332.83,0.0,MRBCTR
2022-08-03,1325.73,1325.73,1325.73,1325.73,0.0,MRBCTR
2022-08-04,1324.59,1324.59,1324.59,1324.59,0.0,MRBCTR
2022-08-05,1282.33,1282.33,1282.33,1282.33,0.0,MRBCTR
2022-08-08,1303.39,1303.39,1303.39,1303.39,0.0,MRBCTR
2022-08-09,1334.21,1334.21,1334.21,1334.21,0.0,MRBCTR
2022-08-10,1350.89,1350.89,1350.89,1350.89,0.0,MRBCTR
2022-08-11,1339.02,1339.02,1339.02,1339.02,0.0,MRBCTR
2022-08-12,1350.2,1350.2,1350.2,1350.2,0.0,MRBCTR
2022-08-15,1360.11,1360.11,1360.11,1360.11,0.0,MRBCTR
2022-08-16,1395.52,1395.52,1395.52,1395.52,0.0,MRBCTR
2022-08-17,1386.71,1386.71,1386.71,1386.71,0.0,MRBCTR
2022-08-18,1392.07,1392.07,1392.07,1392.07,0.0,MRBCTR
2022-08-19,1391.82,1391.82,1391.82,1391.82,0.0,MRBCTR
2022-08-22,1418.59,1418.59,1418.59,1418.59,0.0,MRBCTR
2022-08-23,1438.62,1438.62,1438.62,1438.62,0.0,MRBCTR
2022-08-24,1434.76,1434.76,1434.76,1434.76,0.0,MRBCTR
2022-08-25,1432.54,1432.54,1432.54,1432.54,0.0,MRBCTR
2022-08-26,1445.33,1445.33,1445.33,1445.33,0.0,MRBCTR
2022-08-29,1460.0,1460.0,1460.0,1460.0,0.0,MRBCTR
2022-08-30,1465.7,1465.7,1465.7,1465.7,0.0,MRBCTR
2022-08-31,1508.4,1508.4,1508.4,1508.4,0.0,MRBCTR
2022-09-01,1529.03,1529.03,1529.03,1529.03,0.0,MRBCTR
2022-09-02,1547.87,1547.87,1547.87,1547.87,0.0,MRBCTR
2022-09-05,1563.27,1563.27,1563.27,1563.27,0.0,MRBCTR
2022-09-06,1519.85,1519.85,1519.85,1519.85,0.0,MRBCTR
2022-09-07,1509.45,1509.45,1509.45,1509.45,0.0,MRBCTR
2022-09-08,1501.06,1501.06,1501.06,1501.06,0.0,MRBCTR
2022-09-09,1524.86,1524.86,1524.86,1524.86,0.0,MRBCTR
2022-09-12,1544.2,1544.2,1544.2,1544.2,0.0,MRBCTR
2022-09-13,1542.78,1542.78,1542.78,1542.78,0.0,MRBCTR
2022-09-14,1537.34,1537.34,1537.34,1537.34,0.0,MRBCTR
2022-09-15,1541.95,1541.95,1541.95,1541.95,0.0,MRBCTR
2022-09-16,1535.76,1535.76,1535.76,1535.76,0.0,MRBCTR
2022-09-19,1532.0,1532.0,1532.0,1532.0,0.0,MRBCTR
2022-09-20,1396.56,1396.56,1396.56,1396.56,0.0,MRBCTR
2022-09-21,1338.56,1338.56,1338.56,1338.56,0.0,MRBCTR
2022-09-22,1371.6,1371.6,1371.6,1371.6,0.0,MRBCTR
2022-09-23,1305.74,1305.74,1305.74,1305.74,0.0,MRBCTR
2022-09-26,1204.44,1204.44,1204.44,1204.44,0.0,MRBCTR
2022-09-27,1221.38,1221.38,1221.38,1221.38,0.0,MRBCTR
2022-09-28,1228.88,1228.88,1228.88,1228.88,0.0,MRBCTR
2022-09-29,1223.52,1223.52,1223.52,1223.52,0.0,MRBCTR
2022-09-30,1230.19,1230.19,1230.19,1230.19,0.0,MRBCTR
2022-10-03,1287.49,1287.49,1287.49,1287.49,0.0,MRBCTR
2022-10-04,1295.41,1295.41,1295.41,1295.41,0.0,MRBCTR
2022-10-05,1285.0,1285.0,1285.0,1285.0,0.0,MRBCTR
2022-10-06,1281.44,1281.44,1281.44,1281.44,0.0,MRBCTR
2022-10-07,1230.53,1230.53,1230.53,1230.53,0.0,MRBCTR
2022-10-10,1261.1,1261.1,1261.1,1261.1,0.0,MRBCTR
2022-10-11,1279.15,1279.15,1279.15,1279.15,0.0,MRBCTR
2022-10-12,1282.07,1282.07,1282.07,1282.07,0.0,MRBCTR
2022-10-13,1285.31,1285.31,1285.31,1285.31,0.0,MRBCTR
2022-10-14,1280.64,1280.64,1280.64,1280.64,0.0,MRBCTR
2022-10-17,1323.69,1323.69,1323.69,1323.69,0.0,MRBCTR
2022-10-18,1337.95,1337.95,1337.95,1337.95,0.0,MRBCTR
2022-10-19,1298.46,1298.46,1298.46,1298.46,0.0,MRBCTR
2022-10-20,1325.42,1325.42,1325.42,1325.42,0.0,MRBCTR
2022-10-21,1334.02,1334.02,1334.02,1334.02,0.0,MRBCTR
2022-10-24,1345.7,1345.7,1345.7,1345.7,0.0,MRBCTR
2022-10-25,1389.06,1389.06,1389.06,1389.06,0.0,MRBCTR
2022-10-26,1378.96,1378.96,1378.96,1378.96,0.0,MRBCTR
2022-10-27,1405.23,1405.23,1405.23,1405.23,0.0,MRBCTR
2022-10-28,1409.19,1409.19,1409.19,1409.19,0.0,MRBCTR
2022-10-31,1412.51,1412.51,1412.51,1412.51,0.0,MRBCTR
2022-11-01,1419.58,1419.58,1419.58,1419.58,0.0,MRBCTR
2022-11-02,1420.92,1420.92,1420.92,1420.92,0.0,MRBCTR
2022-11-03,1407.02,1407.02,1407.02,1407.02,0.0,MRBCTR
2022-11-07,1443.13,1443.13,1443.13,1443.13,0.0,MRBCTR
2022-11-08,1443.13,1443.13,1443.13,1443.13,0.0,MRBCTR
2022-11-09,1417.31,1417.31,1417.31,1417.31,0.0,MRBCTR
2022-11-10,1446.39,1446.39,1446.39,1446.39,0.0,MRBCTR
2022-11-11,1451.53,1451.53,1451.53,1451.53,0.0,MRBCTR
2022-11-14,1468.28,1468.28,1468.28,1468.28,0.0,MRBCTR
2022-11-15,1452.16,1452.16,1452.16,1452.16,0.0,MRBCTR
2022-11-16,1454.78,1454.78,1454.78,1454.78,0.0,MRBCTR
2022-11-17,1446.06,1446.06,1446.06,1446.06,0.0,MRBCTR
2022-11-18,1441.35,1441.35,1441.35,1441.35,0.0,MRBCTR
2022-11-21,1411.49,1411.49,1411.49,1411.49,0.0,MRBCTR
2022-11-22,1432.78,1432.78,1432.78,1432.78,0.0,MRBCTR
2022-11-23,1443.76,1443.76,1443.76,1443.76,0.0,MRBCTR
2022-11-24,1442.41,1442.41,1442.41,1442.41,0.0,MRBCTR
2022-11-25,1428.01,1428.01,1428.01,1428.01,0.0,MRBCTR
2022-11-28,1412.51,1412.51,1412.51,1412.51,0.0,MRBCTR
2022-11-29,1419.39,1419.39,1419.39,1419.39,0.0,MRBCTR
2022-11-30,1412.73,1412.73,1412.73,1412.73,0.0,MRBCTR
2022-12-01,1423.34,1423.34,1423.34,1423.34,0.0,MRBCTR
2022-12-02,1419.03,1419.03,1419.03,1419.03,0.0,MRBCTR
2022-12-05,1436.3,1436.3,1436.3,1436.3,0.0,MRBCTR
2022-12-06,1426.36,1426.36,1426.36,1426.36,0.0,MRBCTR
2022-12-07,1423.51,1423.51,1423.51,1423.51,0.0,MRBCTR
2022-12-08,1418.0,1418.0,1418.0,1418.0,0.0,MRBCTR
2022-12-09,1411.55,1411.55,1411.55,1411.55,0.0,MRBCTR
2022-12-12,1409.11,1409.11,1409.11,1409.11,0.0,MRBCTR
2022-12-13,1410.91,1410.91,1410.91,1410.91,0.0,MRBCTR
2022-12-14,1400.62,1400.62,1400.62,1400.62,0.0,MRBCTR
2022-12-15,1376.77,1376.77,1376.77,1376.77,0.0,MRBCTR
2022-12-16,1379.4,1379.4,1379.4,1379.4,0.0,MRBCTR
2022-12-19,1375.47,1375.47,1375.47,1375.47,0.0,MRBCTR
2022-12-20,1396.67,1396.67,1396.67,1396.67,0.0,MRBCTR
2022-12-21,1396.44,1396.44,1396.44,1396.44,0.0,MRBCTR
2022-12-22,1400.59,1400.59,1400.59,1400.59,0.0,MRBCTR
2022-12-23,1398.51,1398.51,1398.51,1398.51,0.0,MRBCTR
2022-12-26,1428.84,1428.84,1428.84,1428.84,0.0,MRBCTR
2022-12-27,1438.79,1438.79,1438.79,1438.79,0.0,MRBCTR
2022-12-28,1430.28,1430.28,1430.28,1430.28,0.0,MRBCTR
2022-12-29,1435.55,1435.55,1435.55,1435.55,0.0,MRBCTR
2022-12-30,1439.85,1439.85,1439.85,1439.85,0.0,MRBCTR
2023-01-03,1453.16,1453.16,1453.16,1453.16,0.0,MRBCTR
2023-01-04,1451.7,1451.7,1451.7,1451.7,0.0,MRBCTR
2023-01-05,1443.32,1443.32,1443.32,1443.32,0.0,MRBCTR
2023-01-06,1442.6,1442.6,1442.6,1442.6,0.0,MRBCTR
2023-01-09,1446.98,1446.98,1446.98,1446.98,0.0,MRBCTR
2023-01-10,1446.45,1446.45,1446.45,1446.45,0.0,MRBCTR
2023-01-11,1464.72,1464.72,1464.72,1464.72,0.0,MRBCTR
2023-01-12,1465.05,1465.05,1465.05,1465.05,0.0,MRBCTR
2023-01-13,1472.28,1472.28,1472.28,1472.28,0.0,MRBCTR
2023-01-16,1486.83,1486.83,1486.83,1486.83,0.0,MRBCTR
2023-01-17,1468.7,1468.7,1468.7,1468.7,0.0,MRBCTR
2023-01-18,1467.35,1467.35,1467.35,1467.35,0.0,MRBCTR
2023-01-19,1448.24,1448.24,1448.24,1448.24,0.0,MRBCTR
2023-01-20,1449.68,1449.68,1449.68,1449.68,0.0,MRBCTR
2023-01-23,1459.99,1459.99,1459.99,1459.99,0.0,MRBCTR
2023-01-24,1451.22,1451.22,1451.22,1451.22,0.0,MRBCTR
2023-01-25,1448.85,1448.85,1448.85,1448.85,0.0,MRBCTR
2023-01-26,1444.94,1444.94,1444.94,1444.94,0.0,MRBCTR
2023-01-27,1460.61,1460.61,1460.61,1460.61,0.0,MRBCTR
2023-01-30,1471.76,1471.76,1471.76,1471.76,0.0,MRBCTR
2023-01-31,1487.29,1487.29,1487.29,1487.29,0.0,MRBCTR
2023-02-01,1490.62,1490.62,1490.62,1490.62,0.0,MRBCTR
2023-02-02,1497.8,1497.8,1497.8,1497.8,0.0,MRBCTR
2023-02-03,1497.76,1497.76,1497.76,1497.76,0.0,MRBCTR
2023-02-06,1517.51,1517.51,1517.51,1517.51,0.0,MRBCTR
2023-02-07,1515.4,1515.4,1515.4,1515.4,0.0,MRBCTR
2023-02-08,1504.34,1504.34,1504.34,1504.34,0.0,MRBCTR
2023-02-09,1509.98,1509.98,1509.98,1509.98,0.0,MRBCTR
2023-02-10,1508.6,1508.6,1508.6,1508.6,0.0,MRBCTR
2023-02-13,1509.33,1509.33,1509.33,1509.33,0.0,MRBCTR
2023-02-14,1488.59,1488.59,1488.59,1488.59,0.0,MRBCTR
2023-02-15,1443.62,1443.62,1443.62,1443.62,0.0,MRBCTR
2023-02-16,1434.94,1434.94,1434.94,1434.94,0.0,MRBCTR
2023-02-17,1444.58,1444.58,1444.58,1444.58,0.0,MRBCTR
2023-02-20,1454.57,1454.57,1454.57,1454.57,0.0,MRBCTR
2023-02-21,1472.08,1472.08,1472.08,1472.08,0.0,MRBCTR
2023-02-22,1470.14,1470.14,1470.14,1470.14,0.0,MRBCTR
2023-02-24,1468.58,1468.58,1468.58,1468.58,0.0,MRBCTR
2023-02-27,1488.74,1488.74,1488.74,1488.74,0.0,MRBCTR
2023-02-28,1495.78,1495.78,1495.78,1495.78,0.0,MRBCTR
2023-03-01,1510.16,1510.16,1510.16,1510.16,0.0,MRBCTR
2023-03-02,1490.53,1490.53,1490.53,1490.53,0.0,MRBCTR
2023-03-03,1504.05,1504.05,1504.05,1504.05,0.0,MRBCTR
2023-03-06,1515.47,1515.47,1515.47,1515.47,0.0,MRBCTR
2023-03-07,1516.01,1516.01,1516.01,1516.01,0.0,MRBCTR
2023-03-09,1511.3,1511.3,1511.3,1511.3,0.0,MRBCTR
2023-03-10,1503.64,1503.64,1503.64,1503.64,0.0,MRBCTR
2023-03-13,1499.59,1499.59,1499.59,1499.59,0.0,MRBCTR
2023-03-14,1509.61,1509.61,1509.61,1509.61,0.0,MRBCTR
2023-03-15,1490.85,1490.85,1490.85,1490.85,0.0,MRBCTR
2023-03-16,1487.15,1487.15,1487.15,1487.15,0.0,MRBCTR
2023-03-17,1524.74,1524.74,1524.74,1524.74,0.0,MRBCTR
2023-03-20,1566.95,1566.95,1566.95,1566.95,0.0,MRBCTR
2023-03-21,1566.74,1566.74,1566.74,1566.74,0.0,MRBCTR
2023-03-22,1566.85,1566.85,1566.85,1566.85,0.0,MRBCTR
2023-03-23,1563.57,1563.57,1563.57,1563.57,0.0,MRBCTR
2023-03-24,1565.09,1565.09,1565.09,1565.09,0.0,MRBCTR
2023-03-27,1596.21,1596.21,1596.21,1596.21,0.0,MRBCTR
2023-03-28,1595.74,1595.74,1595.74,1595.74,0.0,MRBCTR
2023-03-29,1603.72,1603.72,1603.72,1603.72,0.0,MRBCTR
2023-03-30,1606.27,1606.27,1606.27,1606.27,0.0,MRBCTR
2023-03-31,1598.75,1598.75,1598.75,1598.75,0.0,MRBCTR
2023-04-03,1617.71,1617.71,1617.71,1617.71,0.0,MRBCTR
2023-04-04,1622.88,1622.88,1622.88,1622.88,0.0,MRBCTR
2023-04-05,1633.27,1633.27,1633.27,1633.27,0.0,MRBCTR
2023-04-06,1632.14,1632.14,1632.14,1632.14,0.0,MRBCTR
2023-04-07,1642.1,1642.1,1642.1,1642.1,0.0,MRBCTR
2023-04-10,1668.33,1668.33,1668.33,1668.33,0.0,MRBCTR
2023-04-11,1653.8,1653.8,1653.8,1653.8,0.0,MRBCTR
2023-04-12,1657.34,1657.34,1657.34,1657.34,0.0,MRBCTR
2023-04-13,1662.86,1662.86,1662.86,1662.86,0.0,MRBCTR
2023-04-14,1671.52,1671.52,1671.52,1671.52,0.0,MRBCTR
2023-04-17,1699.95,1699.95,1699.95,1699.95,0.0,MRBCTR
2023-04-18,1709.81,1709.81,1709.81,1709.81,0.0,MRBCTR
2023-04-19,1704.12,1704.12,1704.12,1704.12,0.0,MRBCTR
2023-04-20,1725.71,1725.71,1725.71,1725.71,0.0,MRBCTR
2023-04-21,1727.58,1727.58,1727.58,1727.58,0.0,MRBCTR
2023-04-24,1725.79,1725.79,1725.79,1725.79,0.0,MRBCTR
2023-04-25,1718.53,1718.53,1718.53,1718.53,0.0,MRBCTR
2023-04-26,1717.24,1717.24,1717.24,1717.24,0.0,MRBCTR
2023-04-27,1731.32,1731.32,1731.32,1731.32,0.0,MRBCTR
2023-04-28,1722.94,1722.94,1722.94,1722.94,0.0,MRBCTR
2023-05-02,1688.54,1688.54,1688.54,1688.54,0.0,MRBCTR
2023-05-03,1657.96,1657.96,1657.96,1657.96,0.0,MRBCTR
2023-05-04,1652.28,1652.28,1652.28,1652.28,0.0,MRBCTR
2023-05-05,1659.63,1659.63,1659.63,1659.63,0.0,MRBCTR
2023-05-08,1654.0,1654.0,1654.0,1654.0,0.0,MRBCTR
2023-05-10,1695.92,1695.92,1695.92,1695.92,0.0,MRBCTR
2023-05-11,1720.1,1720.1,1720.1,1720.1,0.0,MRBCTR
2023-05-12,1702.93,1702.93,1702.93,1702.93,0.0,MRBCTR
2023-05-15,1733.9,1733.9,1733.9,1733.9,0.0,MRBCTR
2023-05-16,1750.46,1750.46,1750.46,1750.46,0.0,MRBCTR
2023-05-17,1752.35,1752.35,1752.35,1752.35,0.0,MRBCTR
2023-05-18,1753.66,1753.66,1753.66,1753.66,0.0,MRBCTR
2023-05-19,1758.27,1758.27,1758.27,1758.27,0.0,MRBCTR
2023-05-22,1770.45,1770.45,1770.45,1770.45,0.0,MRBCTR
2023-05-23,1779.55,1779.55,1779.55,1779.55,0.0,MRBCTR
2023-05-24,1784.4,1784.4,1784.4,1784.4,0.0,MRBCTR
2023-05-25,1781.24,1781.24,1781.24,1781.24,0.0,MRBCTR
2023-05-26,1799.38,1799.38,1799.38,1799.38,0.0,MRBCTR
2023-05-29,1832.27,1832.27,1832.27,1832.27,0.0,MRBCTR
2023-05-30,1812.24,1812.24,1812.24,1812.24,0.0,MRBCTR
2023-05-31,1827.25,1827.25,1827.25,1827.25,0.0,MRBCTR
2023-06-01,1835.37,1835.37,1835.37,1835.37,0.0,MRBCTR
2023-06-02,1852.9,1852.9,1852.9,1852.9,0.0,MRBCTR
2023-06-05,1842.88,1842.88,1842.88,1842.88,0.0,MRBCTR
2023-06-06,1835.24,1835.24,1835.24,1835.24,0.0,MRBCTR
2023-06-07,1845.03,1845.03,1845.03,1845.03,0.0,MRBCTR
2023-06-08,1858.29,1858.29,1858.29,1858.29,0.0,MRBCTR
2023-06-09,1858.13,1858.13,1858.13,1858.13,0.0,MRBCTR
2023-06-13,1893.29,1893.29,1893.29,1893.29,0.0,MRBCTR
2023-06-14,1901.12,1901.12,1901.12,1901.12,0.0,MRBCTR
2023-06-15,1924.38,1924.38,1924.38,1924.38,0.0,MRBCTR
2023-06-16,1930.99,1930.99,1930.99,1930.99,0.0,MRBCTR
2023-06-19,1947.36,1947.36,1947.36,1947.36,0.0,MRBCTR
2023-06-20,1938.47,1938.47,1938.47,1938.47,0.0,MRBCTR
2023-06-21,1947.54,1947.54,1947.54,1947.54,0.0,MRBCTR
2023-06-22,1944.59,1944.59,1944.59,1944.59,0.0,MRBCTR
2023-06-23,1928.18,1928.18,1928.18,1928.18,0.0,MRBCTR
2023-06-26,1899.76,1899.76,1899.76,1899.76,0.0,MRBCTR
2023-06-27,1908.79,1908.79,1908.79,1908.79,0.0,MRBCTR
2023-06-28,1920.4,1920.4,1920.4,1920.4,0.0,MRBCTR
2023-06-29,1935.51,1935.51,1935.51,1935.51,0.0,MRBCTR
2023-06-30,1935.57,1935.57,1935.57,1935.57,0.0,MRBCTR
2023-07-03,1927.05,1927.05,1927.05,1927.05,0.0,MRBCTR
2023-07-04,1937.21,1937.21,1937.21,1937.21,0.0,MRBCTR
2023-07-05,1936.42,1936.42,1936.42,1936.42,0.0,MRBCTR
2023-07-06,1946.56,1946.56,1946.56,1946.56,0.0,MRBCTR
2023-07-07,1954.7,1954.7,1954.7,1954.7,0.0,MRBCTR
2023-07-10,1986.26,1986.26,1986.26,1986.26,0.0,MRBCTR
2023-07-11,1985.93,1985.93,1985.93,1985.93,0.0,MRBCTR
2023-07-12,2014.19,2014.19,2014.19,2014.19,0.0,MRBCTR
2023-07-13,2006.42,2006.42,2006.42,2006.42,0.0,MRBCTR
2023-07-14,2021.51,2021.51,2021.51,2021.51,0.0,MRBCTR
2023-07-17,2029.93,2029.93,2029.93,2029.93,0.0,MRBCTR
2023-07-18,2060.47,2060.47,2060.47,2060.47,0.0,MRBCTR
2023-07-19,2057.98,2057.98,2057.98,2057.98,0.0,MRBCTR
2023-07-20,2040.32,2040.32,2040.32,2040.32,0.0,MRBCTR
2023-07-21,2046.71,2046.71,2046.71,2046.71,0.0,MRBCTR
2023-07-24,2055.88,2055.88,2055.88,2055.88,0.0,MRBCTR
2023-07-25,2083.22,2083.22,2083.22,2083.22,0.0,MRBCTR
2023-07-26,2078.6,2078.6,2078.6,2078.6,0.0,MRBCTR
2023-07-27,2084.67,2084.67,2084.67,2084.67,0.0,MRBCTR
2023-07-28,2095.33,2095.33,2095.33,2095.33,0.0,MRBCTR
2023-07-31,2131.11,2131.11,2131.11,2131.11,0.0,MRBCTR
2023-08-01,2145.13,2145.13,2145.13,2145.13,0.0,MRBCTR
2023-08-02,2156.59,2156.59,2156.59,2156.59,0.0,MRBCTR
2023-08-03,2182.5,2182.5,2182.5,2182.5,0.0,MRBCTR
2023-08-04,2144.09,2144.09,2144.09,2144.09,0.0,MRBCTR
2023-08-07,2138.31,2138.31,2138.31,2138.31,0.0,MRBCTR
2023-08-08,2140.5,2140.5,2140.5,2140.5,0.0,MRBCTR
2023-08-09,2149.91,2149.91,2149.91,2149.91,0.0,MRBCTR
2023-08-10,2182.48,2182.48,2182.48,2182.48,0.0,MRBCTR
2023-08-11,2193.29,2193.29,2193.29,2193.29,0.0,MRBCTR
2023-08-14,2177.94,2177.94,2177.94,2177.94,0.0,MRBCTR
2023-08-15,2165.67,2165.67,2165.67,2165.67,0.0,MRBCTR
2023-08-16,2117.14,2117.14,2117.14,2117.14,0.0,MRBCTR
2023-08-17,2125.16,2125.16,2125.16,2125.16,0.0,MRBCTR
2023-08-18,2161.94,2161.94,2161.94,2161.94,0.0,MRBCTR
2023-08-21,2185.88,2185.88,2185.88,2185.88,0.0,MRBCTR
2023-08-22,2195.13,2195.13,2195.13,2195.13,0.0,MRBCTR
2023-08-23,2182.35,2182.35,2182.35,2182.35,0.0,MRBCTR
2023-08-24,2175.23,2175.23,2175.23,2175.23,0.0,MRBCTR
2023-08-25,2188.17,2188.17,2188.17,2188.17,0.0,MRBCTR
2023-08-28,2214.81,2214.81,2214.81,2214.81,0.0,MRBCTR
2023-08-29,2221.29,2221.29,2221.29,2221.29,0.0,MRBCTR
2023-08-30,2220.19,2220.19,2220.19,2220.19,0.0,MRBCTR
2023-08-31,2230.15,2230.15,2230.15,2230.15,0.0,MRBCTR
2023-09-01,2235.25,2235.25,2235.25,2235.25,0.0,MRBCTR
2023-09-04,2264.59,2264.59,2264.59,2264.59,0.0,MRBCTR
2023-09-05,2264.36,2264.36,2264.36,2264.36,0.0,MRBCTR
2023-09-06,2252.58,2252.58,2252.58,2252.58,0.0,MRBCTR
2023-09-07,2202.6,2202.6,2202.6,2202.6,0.0,MRBCTR
2023-09-08,2180.58,2180.58,2180.58,2180.58,0.0,MRBCTR
2023-09-11,2169.24,2169.24,2169.24,2169.24,0.0,MRBCTR
2023-09-12,2194.99,2194.99,2194.99,2194.99,0.0,MRBCTR
2023-09-13,2184.59,2184.59,2184.59,2184.59,0.0,MRBCTR
2023-09-14,2184.65,2184.65,2184.65,2184.65,0.0,MRBCTR
2023-09-15,2194.44,2194.44,2194.44,2194.44,0.0,MRBCTR
2023-09-18,2185.67,2185.67,2185.67,2185.67,0.0,MRBCTR
2023-09-19,2147.92,2147.92,2147.92,2147.92,0.0,MRBCTR
2023-09-20,2130.65,2130.65,2130.65,2130.65,0.0,MRBCTR
2023-09-21,2093.38,2093.38,2093.38,2093.38,0.0,MRBCTR
2023-09-22,2109.9,2109.9,2109.9,2109.9,0.0,MRBCTR
2023-09-25,2108.42,2108.42,2108.42,2108.42,0.0,MRBCTR
2023-09-26,2111.91,2111.91,2111.91,2111.91,0.0,MRBCTR
2023-09-27,2121.86,2121.86,2121.86,2121.86,0.0,MRBCTR
2023-09-28,2152.39,2152.39,2152.39,2152.39,0.0,MRBCTR
2023-09-29,2168.54,2168.54,2168.54,2168.54,0.0,MRBCTR
2023-10-02,2179.09,2179.09,2179.09,2179.09,0.0,MRBCTR
2023-10-03,2188.79,2188.79,2188.79,2188.79,0.0,MRBCTR
2023-10-04,2186.02,2186.02,2186.02,2186.02,0.0,MRBCTR
2023-10-05,2186.19,2186.19,2186.19,2186.19,0.0,MRBCTR
2023-10-06,2193.13,2193.13,2193.13,2193.13,0.0,MRBCTR
2023-10-09,2212.52,2212.52,2212.52,2212.52,0.0,MRBCTR
2023-10-10,2215.13,2215.13,2215.13,2215.13,0.0,MRBCTR
2023-10-11,2230.13,2230.13,2230.13,2230.13,0.0,MRBCTR
2023-10-12,2211.02,2211.02,2211.02,2211.02,0.0,MRBCTR
2023-10-13,2224.55,2224.55,2224.55,2224.55,0.0,MRBCTR
2023-10-16,2251.53,2251.53,2251.53,2251.53,0.0,MRBCTR
2023-10-17,2258.33,2258.33,2258.33,2258.33,0.0,MRBCTR
2023-10-18,2265.07,2265.07,2265.07,2265.07,0.0,MRBCTR
2023-10-19,2270.24,2270.24,2270.24,2270.24,0.0,MRBCTR
2023-10-20,2283.25,2283.25,2283.25,2283.25,0.0,MRBCTR
2023-10-23,2279.64,2279.64,2279.64,2279.64,0.0,MRBCTR
2023-10-24,2279.42,2279.42,2279.42,2279.42,0.0,MRBCTR
2023-10-25,2282.58,2282.58,2282.58,2282.58,0.0,MRBCTR
2023-10-26,2255.02,2255.02,2255.02,2255.02,0.0,MRBCTR
2023-10-27,2256.66,2256.66,2256.66,2256.66,0.0,MRBCTR
2023-10-30,2260.5,2260.5,2260.5,2260.5,0.0,MRBCTR
2023-10-31,2239.21,2239.21,2239.21,2239.21,0.0,MRBCTR
2023-11-01,2237.15,2237.15,2237.15,2237.15,0.0,MRBCTR
2023-11-02,2230.16,2230.16,2230.16,2230.16,0.0,MRBCTR
2023-11-03,2234.5,2234.5,2234.5,2234.5,0.0,MRBCTR
2023-11-06,2248.75,2248.75,2248.75,2248.75,0.0,MRBCTR
2023-11-07,2255.25,2255.25,2255.25,2255.25,0.0,MRBCTR
2023-11-08,2253.63,2253.63,2253.63,2253.63,0.0,MRBCTR
2023-11-09,2248.76,2248.76,2248.76,2248.76,0.0,MRBCTR
2023-11-10,2251.73,2251.73,2251.73,2251.73,0.0,MRBCTR
2023-11-13,2257.15,2257.15,2257.15,2257.15,0.0,MRBCTR
2023-11-14,2236.44,2236.44,2236.44,2236.44,0.0,MRBCTR
2023-11-15,2231.21,2231.21,2231.21,2231.21,0.0,MRBCTR
2023-11-16,2209.93,2209.93,2209.93,2209.93,0.0,MRBCTR
2023-11-17,2221.09,2221.09,2221.09,2221.09,0.0,MRBCTR
2023-11-20,2219.15,2219.15,2219.15,2219.15,0.0,MRBCTR
2023-11-21,2227.71,2227.71,2227.71,2227.71,0.0,MRBCTR
2023-11-22,2234.64,2234.64,2234.64,2234.64,0.0,MRBCTR
2023-11-23,2228.96,2228.96,2228.96,2228.96,0.0,MRBCTR
2023-11-24,2228.83,2228.83,2228.83,2228.83,0.0,MRBCTR
2023-11-27,2213.27,2213.27,2213.27,2213.27,0.0,MRBCTR
2023-11-28,2216.15,2216.15,2216.15,2216.15,0.0,MRBCTR
2023-11-29,2201.11,2201.11,2201.11,2201.11,0.0,MRBCTR
2023-11-30,2195.92,2195.92,2195.92,2195.92,0.0,MRBCTR
2023-12-01,2182.02,2182.02,2182.02,2182.02,0.0,MRBCTR
2023-12-04,2160.3,2160.3,2160.3,2160.3,0.0,MRBCTR
2023-12-05,2169.78,2169.78,2169.78,2169.78,0.0,MRBCTR
2023-12-06,2135.98,2135.98,2135.98,2135.98,0.0,MRBCTR
2023-12-07,2130.66,2130.66,2130.66,2130.66,0.0,MRBCTR
2023-12-08,2136.07,2136.07,2136.07,2136.07,0.0,MRBCTR
2023-12-11,2097.46,2097.46,2097.46,2097.46,0.0,MRBCTR
2023-12-12,2086.62,2086.62,2086.62,2086.62,0.0,MRBCTR
2023-12-13,2095.78,2095.78,2095.78,2095.78,0.0,MRBCTR
2023-12-14,2081.5,2081.5,2081.5,2081.5,0.0,MRBCTR
2023-12-15,2117.7,2117.7,2117.7,2117.7,0.0,MRBCTR
2023-12-18,2140.86,2140.86,2140.86,2140.86,0.0,MRBCTR
2023-12-19,2151.76,2151.76,2151.76,2151.76,0.0,MRBCTR
2023-12-20,2170.16,2170.16,2170.16,2170.16,0.0,MRBCTR
2023-12-21,2149.63,2149.63,2149.63,2149.63,0.0,MRBCTR
2023-12-22,2159.6,2159.6,2159.6,2159.6,0.0,MRBCTR
2023-12-25,2165.7,2165.7,2165.7,2165.7,0.0,MRBCTR
2023-12-26,2179.52,2179.52,2179.52,2179.52,0.0,MRBCTR
2023-12-27,2182.76,2182.76,2182.76,2182.76,0.0,MRBCTR
2023-12-28,2188.11,2188.11,2188.11,2188.11,0.0,MRBCTR
2023-12-29,2186.51,2186.51,2186.51,2186.51,0.0,MRBCTR
2024-01-03,2211.1,2211.1,2211.1,2211.1,0.0,MRBCTR
2024-01-04,2216.43,2216.43,2216.43,2216.43,0.0,MRBCTR
2024-01-05,2217.66,2217.66,2217.66,2217.66,0.0,MRBCTR
2024-01-08,2233.52,2233.52,2233.52,2233.52,0.0,MRBCTR
2024-01-09,2231.43,2231.43,2231.43,2231.43,0.0,MRBCTR
2024-01-10,2242.08,2242.08,2242.08,2242.08,0.0,MRBCTR
2024-01-11,2272.58,2272.58,2272.58,2272.58,0.0,MRBCTR
2024-01-12,2278.14,2278.14,2278.14,2278.14,0.0,MRBCTR
2024-01-15,2276.66,2276.66,2276.66,2276.66,0.0,MRBCTR
2024-01-16,2268.95,2268.95,2268.95,2268.95,0.0,MRBCTR
2024-01-17,2270.35,2270.35,2270.35,2270.35,0.0,MRBCTR
2024-01-18,2261.74,2261.74,2261.74,2261.74,0.0,MRBCTR
2024-01-19,2252.4,2252.4,2252.4,2252.4,0.0,MRBCTR
2024-01-22,2257.32,2257.32,2257.32,2257.32,0.0,MRBCTR
2024-01-23,2261.62,2261.62,2261.62,2261.62,0.0,MRBCTR
2024-01-24,2253.51,2253.51,2253.51,2253.51,0.0,MRBCTR
2024-01-25,2251.46,2251.46,2251.46,2251.46,0.0,MRBCTR
2024-01-26,2253.49,2253.49,2253.49,2253.49,0.0,MRBCTR
2024-01-29,2263.4,2263.4,2263.4,2263.4,0.0,MRBCTR
2024-01-30,2279.52,2279.52,2279.52,2279.52,0.0,MRBCTR
2024-01-31,2290.32,2290.32,2290.32,2290.32,0.0,MRBCTR
2024-02-01,2311.88,2311.88,2311.88,2311.88,0.0,MRBCTR
2024-02-02,2307.22,2307.22,2307.22,2307.22,0.0,MRBCTR
2024-02-05,2307.95,2307.95,2307.95,2307.95,0.0,MRBCTR
2024-02-06,2317.36,2317.36,2317.36,2317.36,0.0,MRBCTR
2024-02-07,2328.91,2328.91,2328.91,2328.91,0.0,MRBCTR
2024-02-08,2314.73,2314.73,2314.73,2314.73,0.0,MRBCTR
2024-02-09,2313.95,2313.95,2313.95,2313.95,0.0,MRBCTR
2024-02-12,2311.51,2311.51,2311.51,2311.51,0.0,MRBCTR
2024-02-13,2315.25,2315.25,2315.25,2315.25,0.0,MRBCTR
2024-02-14,2316.76,2316.76,2316.76,2316.76,0.0,MRBCTR
2024-02-15,2316.89,2316.89,2316.89,2316.89,0.0,MRBCTR
2024-02-16,2297.41,2297.41,2297.41,2297.41,0.0,MRBCTR
2024-02-19,2297.54,2297.54,2297.54,2297.54,0.0,MRBCTR
2024-02-20,2269.02,2269.02,2269.02,2269.02,0.0,MRBCTR
2024-02-21,2223.12,2223.12,2223.12,2223.12,0.0,MRBCTR
2024-02-22,2221.79,2221.79,2221.79,2221.79,0.0,MRBCTR
2024-02-26,2274.6,2274.6,2274.6,2274.6,0.0,MRBCTR
2024-02-27,2268.38,2268.38,2268.38,2268.38,0.0,MRBCTR
2024-02-28,2278.69,2278.69,2278.69,2278.69,0.0,MRBCTR
2024-02-29,2300.73,2300.73,2300.73,2300.73,0.0,MRBCTR
2024-03-01,2310.58,2310.58,2310.58,2310.58,0.0,MRBCTR
2024-03-04,2333.44,2333.44,2333.44,2333.44,0.0,MRBCTR
2024-03-05,2336.74,2336.74,2336.74,2336.74,0.0,MRBCTR
2024-03-06,2350.13,2350.13,2350.13,2350.13,0.0,MRBCTR
2024-03-07,2353.7,2353.7,2353.7,2353.7,0.0,MRBCTR
2024-03-11,2355.42,2355.42,2355.42,2355.42,0.0,MRBCTR
2024-03-12,2363.83,2363.83,2363.83,2363.83,0.0,MRBCTR
2024-03-13,2358.21,2358.21,2358.21,2358.21,0.0,MRBCTR
2024-03-14,2346.66,2346.66,2346.66,2346.66,0.0,MRBCTR
2024-03-15,2346.51,2346.51,2346.51,2346.51,0.0,MRBCTR
2024-03-18,2344.93,2344.93,2344.93,2344.93,0.0,MRBCTR
2024-03-19,2315.53,2315.53,2315.53,2315.53,0.0,MRBCTR
2024-03-20,2312.71,2312.71,2312.71,2312.71,0.0,MRBCTR
2024-03-21,2328.67,2328.67,2328.67,2328.67,0.0,MRBCTR
2024-03-22,2323.19,2323.19,2323.19,2323.19,0.0,MRBCTR
2024-03-25,2334.05,2334.05,2334.05,2334.05,0.0,MRBCTR
2024-03-26,2335.5,2335.5,2335.5,2335.5,0.0,MRBCTR
2024-03-27,2347.88,2347.88,2347.88,2347.88,0.0,MRBCTR
2024-03-28,2352.9,2352.9,2352.9,2352.9,0.0,MRBCTR
2024-03-29,2369.16,2369.16,2369.16,2369.16,0.0,MRBCTR
2024-04-01,2390.95,2390.95,2390.95,2390.95,0.0,MRBCTR
2024-04-02,2393.78,2393.78,2393.78,2393.78,0.0,MRBCTR
2024-04-03,2412.15,2412.15,2412.15,2412.15,0.0,MRBCTR
2024-04-04,2424.75,2424.75,2424.75,2424.75,0.0,MRBCTR
2024-04-05,2410.23,2410.23,2410.23,2410.23,0.0,MRBCTR
2024-04-08,2427.79,2427.79,2427.79,2427.79,0.0,MRBCTR
2024-04-09,2432.66,2432.66,2432.66,2432.66,0.0,MRBCTR
2024-04-10,2457.07,2457.07,2457.07,2457.07,0.0,MRBCTR
2024-04-11,2456.94,2456.94,2456.94,2456.94,0.0,MRBCTR
2024-04-12,2482.89,2482.89,2482.89,2482.89,0.0,MRBCTR
2024-04-15,2494.85,2494.85,2494.85,2494.85,0.0,MRBCTR
2024-04-16,2485.2,2485.2,2485.2,2485.2,0.0,MRBCTR
2024-04-17,2474.62,2474.62,2474.62,2474.62,0.0,MRBCTR
2024-04-18,2473.8,2473.8,2473.8,2473.8,0.0,MRBCTR
2024-04-19,2492.53,2492.53,2492.53,2492.53,0.0,MRBCTR
2024-04-22,2493.37,2493.37,2493.37,2493.37,0.0,MRBCTR
2024-04-23,2463.57,2463.57,2463.57,2463.57,0.0,MRBCTR
2024-04-24,2454.43,2454.43,2454.43,2454.43,0.0,MRBCTR
2024-04-25,2462.03,2462.03,2462.03,2462.03,0.0,MRBCTR
2024-04-26,2473.67,2473.67,2473.67,2473.67,0.0,MRBCTR
2024-04-27,2485.99,2485.99,2485.99,2485.99,0.0,MRBCTR
2024-04-29,2495.73,2495.73,2495.73,2495.73,0.0,MRBCTR
2024-04-30,2489.68,2489.68,2489.68,2489.68,0.0,MRBCTR
2024-05-02,2472.18,2472.18,2472.18,2472.18,0.0,MRBCTR
2024-05-03,2474.86,2474.86,2474.86,2474.86,0.0,MRBCTR
2024-05-06,2478.73,2478.73,2478.73,2478.73,0.0,MRBCTR
2024-05-07,2490.8,2490.8,2490.8,2490.8,0.0,MRBCTR
2024-05-08,2495.65,2495.65,2495.65,2495.65,0.0,MRBCTR
2024-05-10,2511.43,2511.43,2511.43,2511.43,0.0,MRBCTR
2024-05-13,2515.54,2515.54,2515.54,2515.54,0.0,MRBCTR
2024-05-14,2514.55,2514.55,2514.55,2514.55,0.0,MRBCTR
2024-05-15,2515.39,2515.39,2515.39,2515.39,0.0,MRBCTR
2024-05-16,2523.93,2523.93,2523.93,2523.93,0.0,MRBCTR
2024-05-17,2526.85,2526.85,2526.85,2526.85,0.0,MRBCTR
2024-05-20,2506.85,2506.85,2506.85,2506.85,0.0,MRBCTR
2024-05-21,2484.11,2484.11,2484.11,2484.11,0.0,MRBCTR
2024-05-22,2492.4,2492.4,2492.4,2492.4,0.0,MRBCTR
2024-05-23,2496.36,2496.36,2496.36,2496.36,0.0,MRBCTR
2024-05-24,2457.24,2457.24,2457.24,2457.24,0.0,MRBCTR
2024-05-27,2385.18,2385.18,2385.18,2385.18,0.0,MRBCTR
2024-05-28,2379.95,2379.95,2379.95,2379.95,0.0,MRBCTR
2024-05-29,2390.74,2390.74,2390.74,2390.74,0.0,MRBCTR
2024-05-30,2363.38,2363.38,2363.38,2363.38,0.0,MRBCTR
2024-05-31,2309.97,2309.97,2309.97,2309.97,0.0,MRBCTR
2024-06-03,2246.62,2246.62,2246.62,2246.62,0.0,MRBCTR
2024-06-04,2272.78,2272.78,2272.78,2272.78,0.0,MRBCTR
2024-06-05,2289.48,2289.48,2289.48,2289.48,0.0,MRBCTR
2024-06-06,2275.04,2275.04,2275.04,2275.04,0.0,MRBCTR
2024-06-07,2297.69,2297.69,2297.69,2297.69,0.0,MRBCTR
2024-06-10,2261.79,2261.79,2261.79,2261.79,0.0,MRBCTR
2024-06-11,2259.54,2259.54,2259.54,2259.54,0.0,MRBCTR
2024-06-13,2260.62,2260.62,2260.62,2260.62,0.0,MRBCTR
2024-06-14,2294.47,2294.47,2294.47,2294.47,0.0,MRBCTR
2024-06-17,2267.54,2267.54,2267.54,2267.54,0.0,MRBCTR
2024-06-18,2223.72,2223.72,2223.72,2223.72,0.0,MRBCTR
2024-06-19,2158.18,2158.18,2158.18,2158.18,0.0,MRBCTR
2024-06-20,2226.56,2226.56,2226.56,2226.56,0.0,MRBCTR
2024-06-21,2215.58,2215.58,2215.58,2215.58,0.0,MRBCTR
2024-06-24,2197.78,2197.78,2197.78,2197.78,0.0,MRBCTR
2024-06-25,2207.23,2207.23,2207.23,2207.23,0.0,MRBCTR
2024-06-26,2234.73,2234.73,2234.73,2234.73,0.0,MRBCTR
2024-06-27,2233.83,2233.83,2233.83,2233.83,0.0,MRBCTR
2024-06-28,2247.29,2247.29,2247.29,2247.29,0.0,MRBCTR
2024-07-01,2279.66,2279.66,2279.66,2279.66,0.0,MRBCTR
2024-07-02,2301.93,2301.93,2301.93,2301.93,0.0,MRBCTR
2024-07-03,2295.63,2295.63,2295.63,2295.63,0.0,MRBCTR
2024-07-04,2241.54,2241.54,2241.54,2241.54,0.0,MRBCTR
2024-07-05,2250.88,2250.88,2250.88,2250.88,0.0,MRBCTR
2024-07-08,2243.43,2243.43,2243.43,2243.43,0.0,MRBCTR
2024-07-09,2195.12,2195.12,2195.12,2195.12,0.0,MRBCTR
2024-07-10,2136.86,2136.86,2136.86,2136.86,0.0,MRBCTR
2024-07-11,2179.75,2179.75,2179.75,2179.75,0.0,MRBCTR
2024-07-12,2167.54,2167.54,2167.54,2167.54,0.0,MRBCTR
2024-07-15,2121.46,2121.46,2121.46,2121.46,0.0,MRBCTR
2024-07-16,2154.43,2154.43,2154.43,2154.43,0.0,MRBCTR
2024-07-17,2159.31,2159.31,2159.31,2159.31,0.0,MRBCTR
2024-07-18,2210.93,2210.93,2210.93,2210.93,0.0,MRBCTR
2024-07-19,2231.28,2231.28,2231.28,2231.28,0.0,MRBCTR
2024-07-22,2245.6,2245.6,2245.6,2245.6,0.0,MRBCTR
2024-07-23,2248.33,2248.33,2248.33,2248.33,0.0,MRBCTR
2024-07-24,2263.63,2263.63,2263.63,2263.63,0.0,MRBCTR
2024-07-25,2248.69,2248.69,2248.69,2248.69,0.0,MRBCTR
2024-07-26,2212.1,2212.1,2212.1,2212.1,0.0,MRBCTR
2024-07-29,2150.87,2150.87,2150.87,2150.87,0.0,MRBCTR
2024-07-30,2181.13,2181.13,2181.13,2181.13,0.0,MRBCTR
2024-07-31,2181.99,2181.99,2181.99,2181.99,0.0,MRBCTR
2024-08-01,2176.66,2176.66,2176.66,2176.66,0.0,MRBCTR
2024-08-02,2151.41,2151.41,2151.41,2151.41,0.0,MRBCTR
2024-08-05,2098.66,2098.66,2098.66,2098.66,0.0,MRBCTR
2024-08-06,2097.42,2097.42,2097.42,2097.42,0.0,MRBCTR
2024-08-07,2129.3,2129.3,2129.3,2129.3,0.0,MRBCTR
2024-08-08,2114.11,2114.11,2114.11,2114.11,0.0,MRBCTR
2024-08-09,2112.9,2112.9,2112.9,2112.9,0.0,MRBCTR
2024-08-12,2111.29,2111.29,2111.29,2111.29,0.0,MRBCTR
2024-08-13,2141.85,2141.85,2141.85,2141.85,0.0,MRBCTR
2024-08-14,2128.93,2128.93,2128.93,2128.93,0.0,MRBCTR
2024-08-15,2108.16,2108.16,2108.16,2108.16,0.0,MRBCTR
2024-08-16,2102.96,2102.96,2102.96,2102.96,0.0,MRBCTR
2024-08-19,2069.64,2069.64,2069.64,2069.64,0.0,MRBCTR
2024-08-20,2062.39,2062.39,2062.39,2062.39,0.0,MRBCTR
2024-08-21,2056.69,2056.69,2056.69,2056.69,0.0,MRBCTR
2024-08-22,2016.64,2016.64,2016.64,2016.64,0.0,MRBCTR
2024-08-23,1962.68,1962.68,1962.68,1962.68,0.0,MRBCTR
2024-08-26,2045.54,2045.54,2045.54,2045.54,0.0,MRBCTR
2024-08-27,2017.97,2017.97,2017.97,2017.97,0.0,MRBCTR
2024-08-28,1994.32,1994.32,1994.32,1994.32,0.0,MRBCTR
2024-08-29,2003.94,2003.94,2003.94,2003.94,0.0,MRBCTR
2024-08-30,1961.4,1961.4,1961.4,1961.4,0.0,MRBCTR
2024-09-02,1875.72,1875.72,1875.72,1875.72,0.0,MRBCTR
2024-09-03,1862.25,1862.25,1862.25,1862.25,0.0,MRBCTR
2024-09-04,1924.14,1924.14,1924.14,1924.14,0.0,MRBCTR
2024-09-05,1934.87,1934.87,1934.87,1934.87,0.0,MRBCTR
2024-09-06,1935.34,1935.34,1935.34,1935.34,0.0,MRBCTR
2024-09-09,1996.22,1996.22,1996.22,1996.22,0.0,MRBCTR
2024-09-10,1971.83,1971.83,1971.83,1971.83,0.0,MRBCTR
2024-09-11,1969.2,1969.2,1969.2,1969.2,0.0,MRBCTR
2024-09-12,1930.97,1930.97,1930.97,1930.97,0.0,MRBCTR
2024-09-13,1980.9,1980.9,1980.9,1980.9,0.0,MRBCTR
2024-09-16,2033.0,2033.0,2033.0,2033.0,0.0,MRBCTR
2024-09-17,2059.32,2059.32,2059.32,2059.32,0.0,MRBCTR
2024-09-18,2039.51,2039.51,2039.51,2039.51,0.0,MRBCTR
2024-09-19,2051.57,2051.57,2051.57,2051.57,0.0,MRBCTR
2024-09-20,2069.95,2069.95,2069.95,2069.95,0.0,MRBCTR
2024-09-23,2095.78,2095.78,2095.78,2095.78,0.0,MRBCTR
2024-09-24,2133.53,2133.53,2133.53,2133.53,0.0,MRBCTR
2024-09-25,2105.19,2105.19,2105.19,2105.19,0.0,MRBCTR
2024-09-26,2101.92,2101.92,2101.92,2101.92,0.0,MRBCTR
2024-09-27,2119.42,2119.42,2119.42,2119.42,0.0,MRBCTR
2024-09-30,2113.58,2113.58,2113.58,2113.58,0.0,MRBCTR
2024-10-01,2080.13,2080.13,2080.13,2080.13,0.0,MRBCTR
2024-10-02,2045.3,2045.3,2045.3,2045.3,0.0,MRBCTR
2024-10-03,2055.51,2055.51,2055.51,2055.51,0.0,MRBCTR
2024-10-04,2070.78,2070.78,2070.78,2070.78,0.0,MRBCTR
2024-10-07,2060.62,2060.62,2060.62,2060.62,0.0,MRBCTR
2024-10-08,2064.83,2064.83,2064.83,2064.83,0.0,MRBCTR
2024-10-09,2034.53,2034.53,2034.53,2034.53,0.0,MRBCTR
2024-10-10,2047.36,2047.36,2047.36,2047.36,0.0,MRBCTR
2024-10-11,2047.68,2047.68,2047.68,2047.68,0.0,MRBCTR
2024-10-14,2065.52,2065.52,2065.52,2065.52,0.0,MRBCTR
2024-10-15,2088.62,2088.62,2088.62,2088.62,0.0,MRBCTR
2024-10-16,2068.64,2068.64,2068.64,2068.64,0.0,MRBCTR
2024-10-17,2051.7,2051.7,2051.7,2051.7,0.0,MRBCTR
2024-10-18,2039.33,2039.33,2039.33,2039.33,0.0,MRBCTR
2024-10-21,2058.99,2058.99,2058.99,2058.99,0.0,MRBCTR
2024-10-22,2052.41,2052.41,2052.41,2052.41,0.0,MRBCTR
2024-10-23,2031.96,2031.96,2031.96,2031.96,0.0,MRBCTR
2024-10-24,2020.57,2020.57,2020.57,2020.57,0.0,MRBCTR
2024-10-25,1971.47,1971.47,1971.47,1971.47,0.0,MRBCTR
2024-10-28,1898.62,1898.62,1898.62,1898.62,0.0,MRBCTR
2024-10-29,1920.4,1920.4,1920.4,1920.4,0.0,MRBCTR
2024-10-30,1936.17,1936.17,1936.17,1936.17,0.0,MRBCTR
2024-10-31,1895.6,1895.6,1895.6,1895.6,0.0,MRBCTR
2024-11-01,1908.28,1908.28,1908.28,1908.28,0.0,MRBCTR
2024-11-02,1926.27,1926.27,1926.27,1926.27,0.0,MRBCTR
2024-11-05,1948.43,1948.43,1948.43,1948.43,0.0,MRBCTR
2024-11-06,1979.71,1979.71,1979.71,1979.71,0.0,MRBCTR
2024-11-07,2004.27,2004.27,2004.27,2004.27,0.0,MRBCTR
2024-11-08,2038.54,2038.54,2038.54,2038.54,0.0,MRBCTR
2024-11-11,2076.08,2076.08,2076.08,2076.08,0.0,MRBCTR
2024-11-12,2055.47,2055.47,2055.47,2055.47,0.0,MRBCTR
2024-11-13,2057.91,2057.91,2057.91,2057.91,0.0,MRBCTR
2024-11-14,2006.84,2006.84,2006.84,2006.84,0.0,MRBCTR
2024-11-15,2039.76,2039.76,2039.76,2039.76,0.0,MRBCTR
2024-11-18,2027.83,2027.83,2027.83,2027.83,0.0,MRBCTR
2024-11-19,1956.25,1956.25,1956.25,1956.25,0.0,MRBCTR
2024-11-20,1928.49,1928.49,1928.49,1928.49,0.0,MRBCTR
2024-11-21,1909.04,1909.04,1909.04,1909.04,0.0,MRBCTR
2024-11-22,1914.4,1914.4,1914.4,1914.4,0.0,MRBCTR
2024-11-25,1880.94,1880.94,1880.94,1880.94,0.0,MRBCTR
2024-11-26,1834.62,1834.62,1834.62,1834.62,0.0,MRBCTR
2024-11-27,1866.06,1866.06,1866.06,1866.06,0.0,MRBCTR
2024-11-28,1908.26,1908.26,1908.26,1908.26,0.0,MRBCTR
2024-11-29,1932.98,1932.98,1932.98,1932.98,0.0,MRBCTR
2024-12-02,1947.8,1947.8,1947.8,1947.8,0.0,MRBCTR
2024-12-03,1915.62,1915.62,1915.62,1915.62,0.0,MRBCTR
2024-12-04,1873.47,1873.47,1873.47,1873.47,0.0,MRBCTR
2024-12-05,1892.92,1892.92,1892.92,1892.92,0.0,MRBCTR
2024-12-06,1910.86,1910.86,1910.86,1910.86,0.0,MRBCTR
2024-12-09,1937.15,1937.15,1937.15,1937.15,0.0,MRBCTR
2024-12-10,1901.64,1901.64,1901.64,1901.64,0.0,MRBCTR
2024-12-11,1893.16,1893.16,1893.16,1893.16,0.0,MRBCTR
2024-12-12,1874.95,1874.95,1874.95,1874.95,0.0,MRBCTR
2024-12-13,1878.05,1878.05,1878.05,1878.05,0.0,MRBCTR
2024-12-16,1825.76,1825.76,1825.76,1825.76,0.0,MRBCTR
2024-12-17,1817.76,1817.76,1817.76,1817.76,0.0,MRBCTR
2024-12-18,1843.35,1843.35,1843.35,1843.35,0.0,MRBCTR
2024-12-19,1851.93,1851.93,1851.93,1851.93,0.0,MRBCTR
2024-12-20,2022.95,2022.95,2022.95,2022.95,0.0,MRBCTR
2024-12-23,2070.7,2070.7,2070.7,2070.7,0.0,MRBCTR
2024-12-24,2056.11,2056.11,2056.11,2056.11,0.0,MRBCTR
2024-12-25,2085.5,2085.5,2085.5,2085.5,0.0,MRBCTR
2024-12-26,2116.92,2116.92,2116.92,2116.92,0.0,MRBCTR
2024-12-27,2111.87,2111.87,2111.87,2111.87,0.0,MRBCTR
2024-12-28,2136.4,2136.4,2136.4,2136.4,0.0,MRBCTR
2024-12-30,2209.21,2209.21,2209.21,2209.21,0.0,MRBCTR
2025-01-03,2165.08,2165.08,2165.08,2165.08,0.0,MRBCTR
2025-01-06,2155.51,2155.51,2155.51,2155.51,0.0,MRBCTR
2025-01-08,2180.65,2180.65,2180.65,2180.65,0.0,MRBCTR
2025-01-09,2128.78,2128.78,2128.78,2128.78,0.0,MRBCTR
2025-01-10,2183.99,2183.99,2183.99,2183.99,0.0,MRBCTR
2025-01-13,2223.57,2223.57,2223.57,2223.57,0.0,MRBCTR
2025-01-14,2213.58,2213.58,2213.58,2213.58,0.0,MRBCTR
2025-01-15,2200.68,2200.68,2200.68,2200.68,0.0,MRBCTR
2025-01-16,2252.01,2252.01,2252.01,2252.01,0.0,MRBCTR
2025-01-17,2275.69,2275.69,2275.69,2275.69,0.0,MRBCTR
2025-01-20,2266.2,2266.2,2266.2,2266.2,0.0,MRBCTR
2025-01-21,2273.08,2273.08,2273.08,2273.08,0.0,MRBCTR
2025-01-22,2305.43,2305.43,2305.43,2305.43,0.0,MRBCTR
2025-01-23,2271.12,2271.12,2271.12,2271.12,0.0,MRBCTR
2025-01-24,2288.45,2288.45,2288.45,2288.45,0.0,MRBCTR
2025-01-27,2239.69,2239.69,2239.69,2239.69,0.0,MRBCTR
2025-01-28,2275.55,2275.55,2275.55,2275.55,0.0,MRBCTR
2025-01-29,2292.35,2292.35,2292.35,2292.35,0.0,MRBCTR
2025-01-30,2310.51,2310.51,2310.51,2310.51,0.0,MRBCTR
2025-01-31,2291.32,2291.32,2291.32,2291.32,0.0,MRBCTR
2025-02-03,2274.19,2274.19,2274.19,2274.19,0.0,MRBCTR
2025-02-04,2271.66,2271.66,2271.66,2271.66,0.0,MRBCTR
2025-02-05,2284.58,2284.58,2284.58,2284.58,0.0,MRBCTR
2025-02-06,2316.87,2316.87,2316.87,2316.87,0.0,MRBCTR
2025-02-07,2317.05,2317.05,2317.05,2317.05,0.0,MRBCTR
2025-02-10,2356.05,2356.05,2356.05,2356.05,0.0,MRBCTR
2025-02-11,2358.73,2358.73,2358.73,2358.73,0.0,MRBCTR
2025-02-12,2364.72,2364.72,2364.72,2364.72,0.0,MRBCTR
2025-02-13,2506.88,2506.88,2506.88,2506.88,0.0,MRBCTR
2025-02-14,2483.95,2483.95,2483.95,2483.95,0.0,MRBCTR
2025-02-17,2580.72,2580.72,2580.72,2580.72,0.0,MRBCTR
2025-02-18,2541.13,2541.13,2541.13,2541.13,0.0,MRBCTR
2025-02-19,2559.0,2559.0,2559.0,2559.0,0.0,MRBCTR
2025-02-20,2577.73,2577.73,2577.73,2577.73,0.0,MRBCTR
2025-02-21,2570.85,2570.85,2570.85,2570.85,0.0,MRBCTR
2025-02-24,2584.21,2584.21,2584.21,2584.21,0.0,MRBCTR
2025-02-25,2605.26,2605.26,2605.26,2605.26,0.0,MRBCTR
2025-02-26,2561.04,2561.04,2561.04,2561.04,0.0,MRBCTR
2025-02-27,2531.43,2531.43,2531.43,2531.43,0.0,MRBCTR
2025-02-28,2506.59,2506.59,2506.59,2506.59,0.0,MRBCTR
2025-03-03,2460.67,2460.67,2460.67,2460.67,0.0,MRBCTR
2025-03-04,2536.82,2536.82,2536.82,2536.82,0.0,MRBCTR
2025-03-05,2551.14,2551.14,2551.14,2551.14,0.0,MRBCTR
2025-03-06,2505.1,2505.1,2505.1,2505.1,0.0,MRBCTR
2025-03-07,2473.39,2473.39,2473.39,2473.39,0.0,MRBCTR
2025-03-10,2494.59,2494.59,2494.59,2494.59,0.0,MRBCTR
2025-03-11,2498.92,2498.92,2498.92,2498.92,0.0,MRBCTR
2025-03-12,2485.89,2485.89,2485.89,2485.89,0.0,MRBCTR
2025-03-13,2435.31,2435.31,2435.31,2435.31,0.0,MRBCTR
2025-03-14,2490.16,2490.16,2490.16,2490.16,0.0,MRBCTR
2025-03-17,2528.91,2528.91,2528.91,2528.91,0.0,MRBCTR
2025-03-18,2543.38,2543.38,2543.38,2543.38,0.0,MRBCTR
2025-03-19,2521.56,2521.56,2521.56,2521.56,0.0,MRBCTR
2025-03-20,2516.84,2516.84,2516.84,2516.84,0.0,MRBCTR
2025-03-21,2493.86,2493.86,2493.86,2493.86,0.0,MRBCTR
2025-03-24,2486.14,2486.14,2486.14,2486.14,0.0,MRBCTR
2025-03-25,2474.95,2474.95,2474.95,2474.95,0.0,MRBCTR
2025-03-26,2461.18,2461.18,2461.18,2461.18,0.0,MRBCTR
2025-03-27,2412.22,2412.22,2412.22,2412.22,0.0,MRBCTR
2025-03-28,2372.29,2372.29,2372.29,2372.29,0.0,MRBCTR
2025-03-31,2362.41,2362.41,2362.41,2362.41,0.0,MRBCTR
2025-04-01,2325.9,2325.9,2325.9,2325.9,0.0,MRBCTR
2025-04-02,2294.58,2294.58,2294.58,2294.58,0.0,MRBCTR
2025-04-03,2241.96,2241.96,2241.96,2241.96,0.0,MRBCTR
2025-04-04,2177.55,2177.55,2177.55,2177.55,0.0,MRBCTR
2025-04-07,2142.47,2142.47,2142.47,2142.47,0.0,MRBCTR
2025-04-08,2152.27,2152.27,2152.27,2152.27,0.0,MRBCTR
2025-04-09,2080.53,2080.53,2080.53,2080.53,0.0,MRBCTR
2025-04-10,2168.35,2168.35,2168.35,2168.35,0.0,MRBCTR
2025-04-11,2224.49,2224.49,2224.49,2224.49,0.0,MRBCTR
2025-04-14,2222.47,2222.47,2222.47,2222.47,0.0,MRBCTR
